stratum,상품번호,리뷰ID,label
A,A000000128148,36811210,1
A,A000000258621,63657158,1
A,A000000261321,63576359,1
A,A000000225470,61225706,1
A,A000000210617,33296919,1
A,A000000237873,62078119,1
A,A000000237815,48002983,1
A,A000000169499,61744189,1
A,A000000215559,63154145,1
A,A000000261321,63518842,1
A,A000000248506,62269343,1
A,A000000151676,9492149,1
A,B000000226723,18409808,1
A,A000000223382,59152302,1
A,A000000241565,62710326,1
A,A000000202414,61823581,1
A,A000000229921,63236139,1
A,A000000223382,58696418,1
A,A000000261321,63600433,1
A,A000000184657,21605700,1
A,A000000176923,36322101,1
A,A000000202414,62178285,1
A,A000000202414,61627371,1
A,A000000204590,33167960,1
A,A000000128148,36861459,1
A,A000000229921,62983163,1
A,A000000236454,62361476,1
A,A000000202553,46524764,1
A,A000000252276,60739289,1
A,A000000169499,61296123,1
A,A000000262240,63510504,1
A,A000000202414,61559226,1
A,A000000187242,21477647,1
A,A000000258832,63611488,1
A,A000000223604,63227546,1
A,A000000236454,62459414,1
A,A000000229921,63241757,1
A,A000000241565,62748000,1
A,A000000229631,45493700,1
A,A000000157634,11012373,1
A,A000000245722,57400278,1
A,A000000210617,33351294,1
A,A000000252276,60738740,1
A,A000000228836,63612113,1
A,A000000223382,59019673,1
A,A000000258832,63576700,1
A,A000000186037,62373185,1
A,A000000128148,37028001,1
A,A000000259488,62528367,1
A,A000000189177,37803043,1
A,A000000128148,36767365,1
A,A000000258680,64322600,1
A,A000000205327,49097876,1
A,A000000223483,39285771,1
A,A000000213267,63590518,1
A,A000000240463,54467038,1
A,A000000236862,63370985,1
A,A000000251688,58101456,1
A,A000000249440,63500795,1
A,A000000243636,62481028,1
B,A000000201182,38831903,0
B,A000000185112,60774655,0
B,A000000217893,62286396,0
B,A000000231907,54379541,0
B,A000000186166,62671396,0
B,A000000187479,20559557,0
B,A000000208190,30743816,0
B,A000000250298,62200261,0
B,A000000167214,60930080,0
B,A000000223723,62930151,0
B,A000000257331,61208022,0
B,A000000257097,63067270,0
B,A000000186409,59964670,0
B,A000000260585,63474079,0
B,A000000259499,62893502,0
B,A000000180515,63536730,0
B,A000000188256,61101864,0
B,A000000174279,62689280,0
B,A000000247245,62995969,0
B,A000000249454,63950624,0
B,A000000171371,63560415,0
B,A000000252276,62507211,0
B,A000000229326,56774952,0
B,A000000249896,62223168,0
B,A000000185974,63932526,0
B,A000000250693,63420077,0
B,A000000183558,61958034,0
B,A000000219310,62601166,0
B,A000000162114,61292962,0
B,A000000213179,19598080,1
B,A000000218845,64171009,0
B,A000000239103,61097628,0
B,A000000138671,63638674,0
B,A000000188988,61658605,0
B,A000000233030,61774176,0
B,A000000219094,61543597,0
B,A000000246297,62753956,0
B,A000000256049,62070840,0
B,A000000171423,62605198,0
B,A000000236454,62510334,1
B,A000000260943,63665818,0
B,A000000258291,61072660,0
B,A000000206827,62328314,0
B,A000000214790,62716836,0
B,A000000261834,62332000,0
B,A000000140618,63565060,0
B,A000000202658,63206970,0
B,A000000180506,63300425,0
B,A000000184431,63203730,0
B,A000000224958,62166244,0
B,A000000202893,63161053,0
B,A000000234394,62528352,0
B,A000000238763,63362447,0
B,A000000257283,62363798,0
B,A000000222776,62120693,0
B,A000000204544,63283873,0
B,A000000202777,62880093,0
B,A000000255752,62818839,0
B,A000000255752,62806642,0
B,A000000175634,62763032,0
B,A000000248396,63584412,1
B,A000000237417,62090823,0
B,A000000187479,18351245,0
B,A000000231293,60709782,0
B,A000000260188,62616344,0
B,A000000238833,60813919,0
B,B000000226441,60352271,0
B,A000000254400,61463572,0
B,A000000249190,63092496,0
B,A000000229694,60776294,0
B,A000000212048,38558765,0
B,A000000262621,63527881,0
B,A000000185235,21755870,0
B,A000000222020,62099699,0
B,A000000245884,62722798,0
B,A000000222839,62434335,0
B,A000000213638,38600150,0
B,A000000205908,61453881,0
B,A000000256094,62303216,0
B,A000000113494,61229881,0
C,A000000260943,63118403,0
C,A000000257827,62122395,0
C,A000000246741,59533623,0
C,A000000257062,63118336,0
C,A000000002972,61580177,0
C,A000000238532,60410341,0
C,A000000259056,63547448,0
C,A000000224298,62282183,0
C,A000000229498,20955825,0
C,A000000244742,61328275,0
C,A000000218338,63383621,0
C,A000000246297,62502505,0
C,A000000234192,34449450,0
C,A000000237883,63183791,0
C,A000000257155,63440854,0
C,A000000237883,62690111,0
C,A000000210303,63545609,0
C,A000000240414,60971727,0
C,A000000225801,62114045,0
C,A000000238489,63652820,0
C,A000000185308,63533656,0
C,A000000259319,62589868,0
C,A000000248500,63227169,0
C,A000000189171,24720952,0
C,A000000205485,62821834,0
C,A000000187658,32355881,0
C,A000000253116,60800861,0
C,A000000258934,63510145,0
C,A000000211936,61402546,0
C,A000000259315,62812508,0
C,A000000219310,61823993,0
C,B000000226414,26104799,0
C,A000000261065,64207295,0
C,A000000193214,63638639,0
C,A000000241715,62579208,0
C,A000000204767,61623182,0
C,A000000259260,63802890,0
C,A000000260069,62455203,0
C,A000000261741,63640561,0
C,A000000204014,62587017,0
C,A000000250485,61209970,0
C,A000000204388,62696068,0
C,A000000255752,62865459,0
C,A000000226202,63564746,0
C,A000000171650,46657482,0
C,A000000180162,63007510,0
C,A000000184060,63319048,0
C,A000000222833,62319143,0
C,A000000203644,63162566,0
C,A000000259055,63411852,0
C,A000000201886,63152799,0
C,A000000245169,63128153,0
C,A000000202912,63278238,0
C,A000000253967,62218844,0
C,A000000254747,62360381,0
C,A000000130319,63858755,0
C,A000000213569,61357587,0
C,A000000206656,29461367,0
C,A000000248205,62640342,0
C,A000000159407,61120308,0
