수집일자,카테고리,순위,브랜드,상품명,상품페이지링크,정가,혜택가,할인율,리뷰수,리뷰별점,별점5비율,별점4비율,별점3비율,별점2비율,별점1비율,세일,쿠폰,증정,오늘드림,상품번호,카테고리ID
2026-07-21,전체,1,메디힐,[15년 연속 1위] 메디힐 에센셜 마스크팩 10/10+1매 기획 7종 골라담기,https://www.oliveyoung.co.kr/store/goods/getGoodsDetail.do?goodsNo=A000000223414,20000,10000,50.0,452698,4.9,91,7,2,0,0,1,0,0,1,A000000223414,ALL
2026-07-21,전체,2,프로티원,[1+1/7월 올영픽] 프로티원 단백질쉐이크 파우치형 40g 6종,https://www.oliveyoung.co.kr/store/goods/getGoodsDetail.do?goodsNo=A000000202771,3900,3900,0.0,89259,4.8,86,9,4,1,1,0,0,0,1,A000000202771,ALL
2026-07-21,전체,3,제로이드,[7/21하루특가][대용량 기획] 제로이드 수딩 크림 80ml 기획 (+50ml),https://www.oliveyoung.co.kr/store/goods/getGoodsDetail.do?goodsNo=A000000260257,38000,28500,25.0,6074,4.8,87,9,4,1,1,0,1,1,1,A000000260257,ALL
2026-07-21,전체,4,벨먼,벨먼 내추럴 스파 고보습 크리미 스크럽워시 400ml 2종 택1 (바닐라 머스크/시트러스 우디),https://www.oliveyoung.co.kr/store/goods/getGoodsDetail.do?goodsNo=A000000250140,14900,12900,13.4,692,4.8,90,5,2,1,1,1,0,0,1,A000000250140,ALL
2026-07-21,전체,5,플라이밀,[7월 올영픽/1+1] 플라이밀 단백질쉐이크 45g 12종 택 1,https://www.oliveyoung.co.kr/store/goods/getGoodsDetail.do?goodsNo=A000000190168,3900,3900,0.0,100922,4.8,86,9,3,1,1,0,0,0,1,A000000190168,ALL
2026-07-21,전체,6,VT,[올데이프로젝트 포토카드 증정 ] VT 피디알엔 에어 클라우드 선스크린 50ml,https://www.oliveyoung.co.kr/store/goods/getGoodsDetail.do?goodsNo=A000000257580,26000,15900,38.8,3695,5.0,97,2,0,0,0,1,1,1,1,A000000257580,ALL
2026-07-21,전체,7,어노브,[4년 연속 1위] 어노브 딥 데미지 리페어 헤어 마스크 (트리트먼트/헤어팩) 320ml 더블/듀오 기획,https://www.oliveyoung.co.kr/store/goods/getGoodsDetail.do?goodsNo=A000000171423,42000,29800,29.0,86723,4.9,89,8,2,0,0,1,0,0,1,A000000171423,ALL
2026-07-21,전체,8,마녀공장,[블랙헤드1등] 마녀공장 퓨어 소이빈 클렌징오일 200ml 2입 기획,https://www.oliveyoung.co.kr/store/goods/getGoodsDetail.do?goodsNo=A000000253617,37000,25900,30.0,53544,4.8,86,10,3,0,0,1,0,0,1,A000000253617,ALL
2026-07-21,전체,9,헤라,[7월올영픽/프리미엄 1위] 헤라 블랙 쿠션 파운데이션 기획 (15g+15g) 9 Colors,https://www.oliveyoung.co.kr/store/goods/getGoodsDetail.do?goodsNo=A000000202777,74000,59940,19.0,16819,4.8,85,11,3,1,1,1,1,1,1,A000000202777,ALL
2026-07-21,전체,10,메디힐,[단독기획] 메디힐 더마 패드 200매 대용량 기획 세트 7종 골라담기,https://www.oliveyoung.co.kr/store/goods/getGoodsDetail.do?goodsNo=A000000171427,39900,28900,27.6,76747,4.8,85,10,3,1,1,1,0,0,1,A000000171427,ALL
2026-07-21,전체,11,브링그린,[수부지크림/유수분밸런스] 브링그린 티트리 시카 수딩 크림 플러스 100ml (2입/단품),https://www.oliveyoung.co.kr/store/goods/getGoodsDetail.do?goodsNo=A000000226553,34200,19800,42.1,19114,4.8,85,11,3,1,1,1,0,0,1,A000000226553,ALL
2026-07-21,전체,12,크런틴,[7월 올영픽/NEW 블루베리요거팝] 크런틴 크런치볼 단백질쉐이크 50g 5종 택 1,https://www.oliveyoung.co.kr/store/goods/getGoodsDetail.do?goodsNo=A000000227418,5900,5900,0.0,35742,4.8,89,7,3,1,1,0,0,0,1,A000000227418,ALL
2026-07-21,전체,13,아누아,[단독기획] 아누아 TXA 나이아신 흔적 세럼 30ml 2입,https://www.oliveyoung.co.kr/store/goods/getGoodsDetail.do?goodsNo=A000000226201,64000,27500,57.0,5117,4.8,85,9,4,1,1,1,0,0,1,A000000226201,ALL
2026-07-21,전체,14,좋은느낌,[2026 NEW] 좋은느낌 썸머 생리대 4종 택1 (패드/입는오버나이트) (중형/대형),https://www.oliveyoung.co.kr/store/goods/getGoodsDetail.do?goodsNo=A000000250705,9000,6000,33.3,7657,4.8,88,9,2,0,0,0,1,1,1,A000000250705,ALL
2026-07-21,전체,15,연작,[7월올영픽/리필기획] 연작 스킨 퍼펙팅 베이스 프렙 피팅 쿠션 14g+14g 4 Colors,https://www.oliveyoung.co.kr/store/goods/getGoodsDetail.do?goodsNo=A000000252318,45000,36000,20.0,1503,4.8,86,8,4,1,1,1,1,1,1,A000000252318,ALL
2026-07-21,전체,16,식물나라,[위클리초특가/순한무기자차]식물나라 페이스 앤 바디 저자극 선 크림 150ml,https://www.oliveyoung.co.kr/store/goods/getGoodsDetail.do?goodsNo=A000000221882,19800,9900,50.0,11471,4.7,79,14,5,1,1,1,1,0,1,A000000221882,ALL
2026-07-21,전체,17,화이니카,[약국 입점] 화이니카 치탄플러스 분말치약 20g,https://www.oliveyoung.co.kr/store/goods/getGoodsDetail.do?goodsNo=A000000240327,41900,34800,16.9,247,4.9,90,8,2,,0,1,0,0,1,A000000240327,ALL
2026-07-21,전체,18,쏘내추럴,[7월 올영픽/한정기획] 쏘내추럴 올 데이 블러 메이크업 세팅 픽서 (+블러프렙10ml 증정) 기획/단품,https://www.oliveyoung.co.kr/store/goods/getGoodsDetail.do?goodsNo=A000000226481,25000,20000,20.0,2801,4.8,83,12,4,1,0,1,0,0,1,A000000226481,ALL
2026-07-21,전체,19,헤라,[7월올영픽/마블컬렉션] 헤라 센슈얼 누드 글로스 5g 13 Colors 기획/단품,https://www.oliveyoung.co.kr/store/goods/getGoodsDetail.do?goodsNo=A000000177984,40000,32260,19.4,16457,4.8,86,10,3,0,0,1,1,1,1,A000000177984,ALL
2026-07-21,전체,20,라우쉬,[7.21 하루특가/7월 올영픽/1등비듬샴푸]라우쉬 콜츠푸트 안티-댄드러프 샴푸 200ml 2입기획,https://www.oliveyoung.co.kr/store/goods/getGoodsDetail.do?goodsNo=A000000236700,49800,38200,23.3,1718,4.9,92,6,1,,0,1,1,1,1,A000000236700,ALL
2026-07-21,전체,21,바이오던스,[7월 올영픽/7+1] 바이오던스 리얼 딥 마스크 7+1매 기획 (콜라겐/세라놀) (+퍼글러 헤어 고정 시트),https://www.oliveyoung.co.kr/store/goods/getGoodsDetail.do?goodsNo=A000000259232,35000,29400,16.0,6659,4.8,85,10,3,1,1,1,1,1,1,A000000259232,ALL
2026-07-21,전체,22,키엘,키엘 울트라 훼이셜 크림 리필 기획 (150ml+50ml),https://www.oliveyoung.co.kr/store/goods/getGoodsDetail.do?goodsNo=A000000255342,117000,88920,24.0,5,5.0,100,,,,,1,1,1,1,A000000255342,ALL
2026-07-21,전체,23,에스네이처,[1+1/1등 모공 수분천재크림] 에스네이처 아쿠아 스쿠알란 수분크림 60ml 더블기획,https://www.oliveyoung.co.kr/store/goods/getGoodsDetail.do?goodsNo=A000000192782,43000,23500,45.3,16079,4.8,86,10,3,1,1,1,0,0,1,A000000192782,ALL
2026-07-21,전체,24,에스트라,[2025어워즈1위] 에스트라 아토베리어365 크림 80ml 기획 (+하이드로 에센스25ml+앰플7ml),https://www.oliveyoung.co.kr/store/goods/getGoodsDetail.do?goodsNo=A000000222833,33000,29700,10.0,36187,4.9,90,7,2,0,1,1,0,1,1,A000000222833,ALL
2026-07-21,전체,25,에스티로더,[7월올영픽] 에스티로더 더블웨어 파운데이션 11 Colors 15ml/30ml (기획/단품),https://www.oliveyoung.co.kr/store/goods/getGoodsDetail.do?goodsNo=A000000254348,92000,76360,17.0,2760,4.8,86,9,3,1,1,1,1,1,1,A000000254348,ALL
2026-07-21,전체,26,셀라딕스,[조유리 PICK/트러블1등] 셀라딕스 트러블 세범 리밸런싱 131 앰플 30ml,https://www.oliveyoung.co.kr/store/goods/getGoodsDetail.do?goodsNo=A000000224494,28900,24900,13.8,5072,4.7,83,9,5,1,2,1,1,0,1,A000000224494,ALL
2026-07-21,전체,27,바닐라코,[7월올영픽/1+1] 바닐라코 무드 온 라인 앤 블렌드 아이라이너 (펜슬/트임) 8colors,https://www.oliveyoung.co.kr/store/goods/getGoodsDetail.do?goodsNo=A000000226202,12000,12000,0.0,3535,4.7,80,14,4,1,1,0,0,1,1,A000000226202,ALL
2026-07-21,전체,28,웰라쥬,[속건조필수템] 웰라쥬 리얼 히알루로닉 블루 100 앰플 75ml 2입 기획,https://www.oliveyoung.co.kr/store/goods/getGoodsDetail.do?goodsNo=A000000231885,50000,29900,40.2,9589,4.8,89,8,2,0,0,1,0,0,1,A000000231885,ALL
2026-07-21,전체,29,에스트라,[7월 올영픽] 에스트라 아토베리어365 하이드로 수딩크림 80ml 기획 (+수딩크림 10ml+클렌징폼 30g),https://www.oliveyoung.co.kr/store/goods/getGoodsDetail.do?goodsNo=A000000258834,33000,26400,20.0,12285,4.8,88,9,2,0,1,1,1,1,1,A000000258834,ALL
2026-07-21,전체,30,션리,[즉각쿨링/SOS진정세럼] 션리 다시마 그리너리 세럼35ml,https://www.oliveyoung.co.kr/store/goods/getGoodsDetail.do?goodsNo=A000000233336,30000,24000,20.0,5196,5.0,100,0,0,0,,1,0,0,1,A000000233336,ALL
2026-07-21,전체,31,비플레인,[말끔모공/국민클폼]비플레인 녹두 약산성 클렌징폼기획 160ml+40ml 기획,https://www.oliveyoung.co.kr/store/goods/getGoodsDetail.do?goodsNo=A000000187479,21900,18600,15.1,17484,4.9,89,9,2,0,0,1,0,0,1,A000000187479,ALL
2026-07-21,전체,32,정샘물,[여름에디션기획/미니쿠션증정] 정샘물 에센셜 스킨 누더 쿠션/본품+리필,https://www.oliveyoung.co.kr/store/goods/getGoodsDetail.do?goodsNo=A000000139063,48000,38400,20.0,37522,4.7,81,13,4,1,1,1,0,1,1,A000000139063,ALL
2026-07-21,전체,33,메디힐,[장도연 PICK] 메디힐 마데카소사이드 흔적 리페어 세럼 40+40ml,https://www.oliveyoung.co.kr/store/goods/getGoodsDetail.do?goodsNo=A000000211119,36900,22900,37.9,42698,4.7,82,12,4,1,1,1,0,0,1,A000000211119,ALL
2026-07-21,전체,34,릴리이브,[대용량/브러쉬원조] 릴리이브 그로우턴 엑소좀 브러쉬 앰플 기획 2종,https://www.oliveyoung.co.kr/store/goods/getGoodsDetail.do?goodsNo=A000000218845,39800,37800,5.0,11764,4.8,86,10,3,1,1,1,1,0,1,A000000218845,ALL
2026-07-21,전체,35,홀리카홀리카,[NEW젤테일] 홀리카홀리카 마이페이브 피스 아이섀도우/젤테일/피스 빔/피스 밤,https://www.oliveyoung.co.kr/store/goods/getGoodsDetail.do?goodsNo=A000000174309,6000,4800,20.0,195281,4.8,85,11,3,0,0,0,1,0,1,A000000174309,ALL
2026-07-21,전체,36,스킨푸드,[1+1/한정기획] 스킨푸드 캐롯 카로틴 카밍 워터 패드 60매 더블기획 (+PDRN 패드 2매*3),https://www.oliveyoung.co.kr/store/goods/getGoodsDetail.do?goodsNo=A000000255585,42000,26200,37.6,102270,4.8,89,8,2,0,1,1,0,0,1,A000000255585,ALL
2026-07-21,전체,37,션리,[수분진정/광채캡슐크림] 션리 다시마 글레이즈드 크림 50g,https://www.oliveyoung.co.kr/store/goods/getGoodsDetail.do?goodsNo=A000000233337,28000,22400,20.0,5797,5.0,100,0,0,,0,1,0,0,1,A000000233337,ALL
2026-07-21,전체,38,메디힐,[15년연속 1위] 메디힐 에센셜 마스크팩 1매 고기능 7종 골라담기,https://www.oliveyoung.co.kr/store/goods/getGoodsDetail.do?goodsNo=A000000217620,2000,1000,50.0,503778,4.9,89,8,2,0,0,1,0,0,1,A000000217620,ALL
2026-07-21,전체,39,셀리맥스,"[흔적,기미,미백/TXA] 셀리맥스 트라넥삼산 잡티 크림 35ml 기획 (+14ml)",https://www.oliveyoung.co.kr/store/goods/getGoodsDetail.do?goodsNo=A000000253592,35000,21900,37.4,1233,4.9,94,4,1,0,0,1,1,1,1,A000000253592,ALL
2026-07-21,전체,40,투크,[NEW컬러] 투크 워터프루프 슬림 아이라이너 15 colors,https://www.oliveyoung.co.kr/store/goods/getGoodsDetail.do?goodsNo=A000000185046,13900,11900,14.4,57922,4.7,81,13,5,1,1,1,1,0,1,A000000185046,ALL
2026-07-21,전체,41,구달,[1등 선크림/화잘먹] 구달 맑은 어성초 진정 수분 선크림 50ml 1+1 기획,https://www.oliveyoung.co.kr/store/goods/getGoodsDetail.do?goodsNo=A000000219553,22000,17900,18.6,42667,4.9,90,8,2,0,0,1,1,0,1,A000000219553,ALL
2026-07-21,전체,42,닥터지,[7월올영픽/무기자차] 닥터지 그린 마일드 업 선 플러스50ml 기획 (50ml+50ml+10ml) (선크림),https://www.oliveyoung.co.kr/store/goods/getGoodsDetail.do?goodsNo=A000000180162,29000,24800,14.5,25529,4.8,83,13,3,0,0,1,0,0,1,A000000180162,ALL
2026-07-21,전체,43,연작,[7월올영픽/화잘먹베이스] 연작 스킨 퍼펙팅 프로텍티브 베이스 프렙 25ml/40ml 기획/단품,https://www.oliveyoung.co.kr/store/goods/getGoodsDetail.do?goodsNo=A000000213943,33000,27720,16.0,11692,4.8,83,11,4,1,1,1,1,1,1,A000000213943,ALL
2026-07-21,전체,44,힌스,"[7일특가/13호, 19호 출시] 힌스 메쉬 매트 쿠션 6 Colors 한정 기획 (+리필+글리터밤)",https://www.oliveyoung.co.kr/store/goods/getGoodsDetail.do?goodsNo=A000000238757,34000,27200,20.0,14754,4.6,77,14,6,2,1,0,1,1,1,A000000238757,ALL
2026-07-21,전체,45,딜라이트 프로젝트,딜라이트 프로젝트 단백질쉐이크 45g 택1,https://www.oliveyoung.co.kr/store/goods/getGoodsDetail.do?goodsNo=A000000208162,3900,3900,0.0,42398,4.8,90,7,3,0,0,0,0,0,1,A000000208162,ALL
2026-07-21,전체,46,메디힐,[7월 올영픽/마스코트 파우치 증정] 메디힐 마데카소사이드 수분 선세럼 흔적 리페어 50g +50g 더블기획,https://www.oliveyoung.co.kr/store/goods/getGoodsDetail.do?goodsNo=A000000259586,34900,22400,35.8,8860,4.9,90,7,2,0,1,1,1,0,1,A000000259586,ALL
2026-07-21,전체,47,브링그린,[7월올영픽/3일진정세럼]브링그린 징크테카 트러블 세럼 대용량 기획,https://www.oliveyoung.co.kr/store/goods/getGoodsDetail.do?goodsNo=A000000200646,56100,28900,48.5,21793,4.7,82,12,5,1,1,1,1,0,1,A000000200646,ALL
2026-07-21,전체,48,메디힐,[단독기획 8+1매] 메디힐 하이퍼 겔마스크 4종 (콜라겐/PDRN/마데카소사이드/히알루론산),https://www.oliveyoung.co.kr/store/goods/getGoodsDetail.do?goodsNo=A000000239102,36000,25200,30.0,45841,4.8,87,9,2,0,0,1,0,0,1,A000000239102,ALL
2026-07-21,전체,49,라로슈포제,[손상장벽집중케어] 라로슈포제 시카플라스트 밤 B5+ 100ml 기획 (+3ml 추가증정),https://www.oliveyoung.co.kr/store/goods/getGoodsDetail.do?goodsNo=A000000206904,41000,36900,10.0,25657,4.8,86,10,3,1,1,1,0,1,1,A000000206904,ALL
2026-07-21,전체,50,바닐라코,[7월올영픽/1등 파우더] 바닐라코 프라임 프라이머 피니쉬 파우더 12g,https://www.oliveyoung.co.kr/store/goods/getGoodsDetail.do?goodsNo=A000000253093,22000,15400,30.0,44421,4.8,86,10,3,0,0,1,0,1,1,A000000253093,ALL
2026-07-21,전체,51,아누아,[오선우pick/리뉴얼] 아누아 어성초 실키 모이스처 선크림 50ml 더블 기획,https://www.oliveyoung.co.kr/store/goods/getGoodsDetail.do?goodsNo=A000000207901,34900,23900,31.5,3781,4.9,91,7,2,0,0,1,1,1,1,A000000207901,ALL
2026-07-21,전체,52,VT,[1등모공에센스] VT 리들샷 100 에센스 30ml 더블 기획(+피디알엔 에센스 100 1.5ml*3ea),https://www.oliveyoung.co.kr/store/goods/getGoodsDetail.do?goodsNo=A000000232212,31500,22000,30.2,50280,4.8,88,8,3,0,1,1,0,0,1,A000000232212,ALL
2026-07-21,전체,53,뮤드,[7월 올영픽/마찌콜라보] 뮤드 스키니컬링/멀티픽서 마스카라 (단품/ 1+1 기획),https://www.oliveyoung.co.kr/store/goods/getGoodsDetail.do?goodsNo=A000000182700,14000,11970,14.5,24955,4.8,84,11,4,1,1,1,0,1,1,A000000182700,ALL
2026-07-21,전체,54,비디비치,[7월올영픽/리퀴드블러시 증정] 비디비치 블랙 퍼펙션 커버 핏 쿠션,https://www.oliveyoung.co.kr/store/goods/getGoodsDetail.do?goodsNo=A000000233171,46000,36800,20.0,7456,4.7,83,11,4,1,1,1,1,1,1,A000000233171,ALL
2026-07-21,전체,55,에이페,[2주완성탈모앰플] 에이페 스칼프부스팅 앰플 (대용량 두피앰플) 150ml,https://www.oliveyoung.co.kr/store/goods/getGoodsDetail.do?goodsNo=A000000246985,29800,27500,7.7,1952,4.9,95,3,1,0,0,1,0,0,1,A000000246985,ALL
2026-07-21,전체,56,쏘내추럴,[1위픽서] 쏘내추럴 올 데이 타이트 메이크업 세팅 픽서 120ml 더블기획 (120ml+120ml),https://www.oliveyoung.co.kr/store/goods/getGoodsDetail.do?goodsNo=A000000162114,42000,31900,24.0,49698,4.8,84,12,4,1,0,1,1,0,1,A000000162114,ALL
2026-07-21,전체,57,리터니티,[원조율무팩] 리터니티 율무 요철모공 팩 120g 기획세트,https://www.oliveyoung.co.kr/store/goods/getGoodsDetail.do?goodsNo=A000000198780,34000,23000,32.4,4190,4.7,80,14,4,1,1,1,1,0,1,A000000198780,ALL
2026-07-21,전체,58,닥터지,[7월올영픽] 닥터지 레드블레미쉬 클리어 수딩크림 EX 70ml기획 (+30ml+세럼10ml*2ea),https://www.oliveyoung.co.kr/store/goods/getGoodsDetail.do?goodsNo=A000000255752,38000,26600,30.0,2575,5.0,98,1,0,0,0,1,0,0,1,A000000255752,ALL
2026-07-21,전체,59,좋은느낌,2026 좋은느낌 썸머 입는오버나이트 M/L 4P,https://www.oliveyoung.co.kr/store/goods/getGoodsDetail.do?goodsNo=A000000255428,9000,6000,33.3,553,4.9,92,6,2,0,0,0,1,1,1,A000000255428,ALL
2026-07-21,전체,60,바닐라코,[7월올영픽/초경량커버] 바닐라코 얼티밋 화이트 쿠션 에어 기획(본품+리필),https://www.oliveyoung.co.kr/store/goods/getGoodsDetail.do?goodsNo=A000000254892,38000,29600,22.1,1215,4.8,89,7,2,1,1,1,0,1,1,A000000254892,ALL
2026-07-21,전체,61,바이오더마,바이오더마 센시비오 H2O 850ml(클렌징워터),https://www.oliveyoung.co.kr/store/goods/getGoodsDetail.do?goodsNo=A000000130319,37500,25900,30.9,52020,4.9,91,7,1,0,0,1,0,1,1,A000000130319,ALL
2026-07-21,전체,62,바노바기,[안소희PICK]바노바기 비타 제닉 젤리 마스크 10매 7종 택 1,https://www.oliveyoung.co.kr/store/goods/getGoodsDetail.do?goodsNo=A000000240465,30000,13900,53.7,15738,4.9,96,3,1,0,0,1,0,0,1,A000000240465,ALL
2026-07-21,전체,63,롬앤,[NEW두유코어/1등틴트] 롬앤 더 쥬시 래스팅 틴트 단품/기획,https://www.oliveyoung.co.kr/store/goods/getGoodsDetail.do?goodsNo=A000000241210,13000,9900,23.8,259563,4.7,80,14,5,1,1,0,1,0,1,A000000241210,ALL
2026-07-21,전체,64,올더베러,올더베러 단백질 쉐이크 45g 6종 택1,https://www.oliveyoung.co.kr/store/goods/getGoodsDetail.do?goodsNo=A000000245884,3900,3510,10.0,13927,4.8,86,8,4,1,1,0,1,0,1,A000000245884,ALL
2026-07-21,전체,65,키스미,[한정수량/올영픽 1+1기획] 키스미 스무스 리퀴드 아이라이너 N (3 color) (단품/기획),https://www.oliveyoung.co.kr/store/goods/getGoodsDetail.do?goodsNo=A000000185974,18000,17800,1.1,48571,4.8,87,10,3,0,0,1,0,0,1,A000000185974,ALL
2026-07-21,전체,66,메디큐브,[1등미백앰플]메디큐브 PDRN 핑크 펩타이드 앰플 30ml 리필기획(+리필팩50ml+거울키링),https://www.oliveyoung.co.kr/store/goods/getGoodsDetail.do?goodsNo=A000000255620,46000,24600,46.5,25180,4.7,84,10,4,1,1,1,0,1,1,A000000255620,ALL
2026-07-21,전체,67,코링코,[1등 속눈썹/또렷눈매] 코링코 톡톡하라 노글루 속눈썹 15종 택1,https://www.oliveyoung.co.kr/store/goods/getGoodsDetail.do?goodsNo=A000000213569,22000,13900,36.8,17931,4.8,84,11,4,1,1,1,1,0,1,A000000213569,ALL
2026-07-21,전체,68,이옴,[트러블흡착/최예나PICK] 이옴 트러블 패치 마스크 3매,https://www.oliveyoung.co.kr/store/goods/getGoodsDetail.do?goodsNo=A000000248829,21000,14700,30.0,4992,4.7,82,9,6,2,1,1,0,0,1,A000000248829,ALL
2026-07-21,전체,69,셀라딕스,[조유리 PICK/한정수량] 셀라딕스 트러블 세범 리밸런싱 131 앰플 30ml 기획 (+리필 10ml),https://www.oliveyoung.co.kr/store/goods/getGoodsDetail.do?goodsNo=A000000255068,28900,25400,12.1,3612,4.7,82,10,5,2,2,1,0,0,1,A000000255068,ALL
2026-07-21,전체,70,오브제,[7월올영픽/미피 손거울 증정] 오브제 포어 제로 오일 컨트롤 선스틱 18g 단품/기획,https://www.oliveyoung.co.kr/store/goods/getGoodsDetail.do?goodsNo=A000000238816,25000,18900,24.4,5018,4.9,90,7,2,0,0,1,0,1,1,A000000238816,ALL
2026-07-21,전체,71,메디힐,"[단독기획] 메디힐 콜라겐 캡슐 패치 60+60매 더블 기획 2종 (레티놀, 비타민C)",https://www.oliveyoung.co.kr/store/goods/getGoodsDetail.do?goodsNo=A000000233470,45000,26400,41.3,5966,4.7,81,12,5,1,1,1,0,0,1,A000000233470,ALL
2026-07-21,전체,72,오호라,[NEW/글레이즈드 라인 출시] 오호라 시럽 네일강화제 15ml 18colors,https://www.oliveyoung.co.kr/store/goods/getGoodsDetail.do?goodsNo=A000000251335,18000,15300,15.0,2766,4.7,79,12,6,1,1,1,1,0,1,A000000251335,ALL
2026-07-21,전체,73,아떼,[7월올영픽/이나연Pick/본품치크증정] 아떼 어센틱 립 글로이 밤 기획/단품,https://www.oliveyoung.co.kr/store/goods/getGoodsDetail.do?goodsNo=A000000223349,33000,23900,27.6,3117,4.8,85,10,3,1,1,1,1,1,1,A000000223349,ALL
2026-07-21,전체,74,딜라이트 프로젝트,딜라이트 프로젝트 베이글칩 택1,https://www.oliveyoung.co.kr/store/goods/getGoodsDetail.do?goodsNo=A000000147779,2700,2700,0.0,224764,4.9,90,7,3,0,0,0,0,0,1,A000000147779,ALL
2026-07-21,전체,75,조선미녀,[화잘먹/쌀알춘식이스트레스볼] 조선미녀 맑은쌀 선크림 50ml 2입 기획,https://www.oliveyoung.co.kr/store/goods/getGoodsDetail.do?goodsNo=A000000188876,30000,26000,13.3,4010,4.9,89,8,3,0,0,1,0,1,1,A000000188876,ALL
2026-07-21,전체,76,크리니크,[7월올영픽/김고은PICK]크리니크 치크 팝 12 colors 기획/단품,https://www.oliveyoung.co.kr/store/goods/getGoodsDetail.do?goodsNo=A000000158991,36000,25500,29.2,33593,4.8,87,10,2,0,0,1,1,1,1,A000000158991,ALL
2026-07-21,전체,77,메디슨벨,[베러PICK] 메디슨벨 샐러디 컬 한 입 샐러드 젤리 7포 기획 (+1포) / 14포,https://www.oliveyoung.co.kr/store/goods/getGoodsDetail.do?goodsNo=A000000259907,22900,19900,13.1,61,5.0,100,,,,,1,0,0,1,A000000259907,ALL
2026-07-21,전체,78,이니스프리,[1+1] 이니스프리 레티놀 시카 모공 흔적 앰플 30ml 리필기획(+30ml 리필),https://www.oliveyoung.co.kr/store/goods/getGoodsDetail.do?goodsNo=A000000258877,48000,29200,39.2,2697,5.0,96,4,0,0,0,1,0,1,1,A000000258877,ALL
2026-07-21,전체,79,좋은느낌,좋은느낌 유기농100%순면 라이너 7종 택 1 (일반/롱/수퍼롱/맥시롱),https://www.oliveyoung.co.kr/store/goods/getGoodsDetail.do?goodsNo=A000000224296,7000,5200,25.7,27099,4.8,87,11,2,0,0,0,1,1,1,A000000224296,ALL
2026-07-21,전체,80,더마토리,[담곰이 에디션/쿨링진정] 더마토리 시카 PDRN 흔적 진정 거즈 패드 70매 리필 기획 (+70매 리필+패드 케이스),https://www.oliveyoung.co.kr/store/goods/getGoodsDetail.do?goodsNo=A000000223604,39000,23900,38.7,1999,4.8,84,11,4,1,0,1,1,1,1,A000000223604,ALL
2026-07-21,전체,81,피지오겔,[7월올영픽/재구매율1위] 피지오겔 데일리뮨 앰플 20ml+20ml 기획,https://www.oliveyoung.co.kr/store/goods/getGoodsDetail.do?goodsNo=A000000243677,78000,54000,30.8,9456,4.8,87,9,2,0,0,1,0,0,1,A000000243677,ALL
2026-07-21,전체,82,메노킨,[1위 원조 버블팩] 메노킨 30초 퀵 버블 마스크 6종 택1(+팩브러쉬 증정),https://www.oliveyoung.co.kr/store/goods/getGoodsDetail.do?goodsNo=A000000234422,28500,25300,11.2,23624,4.8,88,7,3,1,1,1,0,0,1,A000000234422,ALL
2026-07-21,전체,83,토리든,[NEW] 토리든 다이브인 저분자 히알루론산 토너 500ml 기획 (+늘어나는 화장솜 60매),https://www.oliveyoung.co.kr/store/goods/getGoodsDetail.do?goodsNo=A000000256045,29000,19800,31.7,1055,4.9,91,7,2,0,0,1,0,0,1,A000000256045,ALL
2026-07-21,전체,84,바이오가,[7월올영픽/대용량] 바이오가 등드름 바디워시 베타인살리실레이트 1000ml 단품/기획(+바디미스트 20ml),https://www.oliveyoung.co.kr/store/goods/getGoodsDetail.do?goodsNo=A000000238525,25500,21600,15.3,7250,4.8,85,10,4,1,1,1,1,0,1,A000000238525,ALL
2026-07-21,전체,85,모두봄,[3초쓱쓱 새치커버] 모두봄 올데이 헤어틴트 7g(내추럴블랙/다크브라운),https://www.oliveyoung.co.kr/store/goods/getGoodsDetail.do?goodsNo=A000000210939,16900,14400,14.8,950,4.7,79,16,4,1,1,1,0,0,1,A000000210939,ALL
2026-07-21,전체,86,오아드,[7월올영픽/단독기획] 오아드 립티크 13종 단품/기획,https://www.oliveyoung.co.kr/store/goods/getGoodsDetail.do?goodsNo=A000000240910,26000,18140,30.2,8497,4.6,78,9,7,2,3,1,1,0,1,A000000240910,ALL
2026-07-21,전체,87,토리든,[NEW/1등수분세럼] 토리든 다이브인 저분자 히알루론산 세럼 50ml 리필 기획(+리필 50ml),https://www.oliveyoung.co.kr/store/goods/getGoodsDetail.do?goodsNo=A000000258291,36000,36000,0.0,3739,4.9,91,7,2,0,0,0,0,0,1,A000000258291,ALL
2026-07-21,전체,88,좋은느낌,[NEW] 좋은느낌 유기농100%순면 생리대 (소/중/대/수퍼롱),https://www.oliveyoung.co.kr/store/goods/getGoodsDetail.do?goodsNo=A000000223388,9200,7360,20.0,20576,4.9,89,9,2,0,0,0,1,1,1,A000000223388,ALL
2026-07-21,전체,89,아렌시아,[30ml+30ml / 강력토닝케어] 아렌시아 비타민 C 부스터 샷 30ml 더블기획,https://www.oliveyoung.co.kr/store/goods/getGoodsDetail.do?goodsNo=A000000254661,46500,27900,40.0,671,4.9,93,5,1,0,1,1,1,0,1,A000000254661,ALL
2026-07-21,전체,90,페리페라,페리페라 스피디 스키니 브로우 8 Colors (단품/더블),https://www.oliveyoung.co.kr/store/goods/getGoodsDetail.do?goodsNo=A000000138671,6000,6000,0.0,97058,4.8,86,11,3,0,0,0,0,0,1,A000000138671,ALL
2026-07-21,전체,91,라로슈포제,[7월 올영픽] 라로슈포제 시카플라스트 멀티 리페어 크림 100ml (+시카에센스 7.5ml),https://www.oliveyoung.co.kr/store/goods/getGoodsDetail.do?goodsNo=A000000257827,52000,41600,20.0,17966,4.8,84,11,4,1,1,1,0,1,1,A000000257827,ALL
2026-07-21,전체,92,디오디너리,[트러블모공] 디오디너리 나이아신아마이드 10% + 징크 1% 60ml,https://www.oliveyoung.co.kr/store/goods/getGoodsDetail.do?goodsNo=A000000158615,15700,15700,0.0,12191,4.7,81,13,4,1,1,0,0,0,1,A000000158615,ALL
2026-07-21,전체,93,에스트라,[7월 올영픽] (50%용량증정) 에스트라 더마UV365 장벽수분 무기자차 선크림 40ml+20ml,https://www.oliveyoung.co.kr/store/goods/getGoodsDetail.do?goodsNo=A000000206826,31000,21700,30.0,8944,4.8,85,11,3,1,1,1,0,0,1,A000000206826,ALL
2026-07-21,전체,94,블랑네이처,[여드름 기능성/피지케어] 블랑네이처 아크네 클렌징 폼 기획/단품,https://www.oliveyoung.co.kr/store/goods/getGoodsDetail.do?goodsNo=A000000186409,23800,19600,17.6,24711,5.0,97,2,1,0,0,1,1,0,1,A000000186409,ALL
2026-07-21,전체,95,아로셀,[3초완성/화잘먹] 아로셀 슈퍼 콜라겐 버블 세럼 마스크 (90회분),https://www.oliveyoung.co.kr/store/goods/getGoodsDetail.do?goodsNo=A000000246270,32000,25600,20.0,2346,4.9,96,2,1,0,0,1,0,1,1,A000000246270,ALL
2026-07-21,전체,96,VT,[베일리pick/단독기획] VT 피디알엔 리들샷 아이 리프터 15ml 리필기획 (+리필 15ml),https://www.oliveyoung.co.kr/store/goods/getGoodsDetail.do?goodsNo=A000000260515,42000,27900,33.6,1875,4.9,93,6,1,0,0,1,0,0,1,A000000260515,ALL
2026-07-21,전체,97,프로뉴트리션,프로뉴트리션 듀얼플랜 다이어트 유산균 14포,https://www.oliveyoung.co.kr/store/goods/getGoodsDetail.do?goodsNo=A000000205496,39800,35800,10.1,243,4.4,72,9,14,2,2,1,0,0,1,A000000205496,ALL
2026-07-21,전체,98,셀리맥스,[단독기획/모공탄력] 셀리맥스 더 비타 A 레티날 샷 타이트닝 부스터 15ml 기획(+3ml),https://www.oliveyoung.co.kr/store/goods/getGoodsDetail.do?goodsNo=A000000250199,30000,23100,23.0,2110,4.8,86,9,3,0,1,1,0,0,1,A000000250199,ALL
2026-07-21,전체,99,파티온,[대용량] 파티온 노스카나인 트러블 세럼 50ml 리필 기획(+리필40ml+크림10ml),https://www.oliveyoung.co.kr/store/goods/getGoodsDetail.do?goodsNo=A000000219609,54000,32210,40.4,75017,4.9,93,5,2,0,0,1,1,1,1,A000000219609,ALL
2026-07-21,전체,100,아누아,[수지 PICK/한정기획] 아누아 피디알엔 히알루론산 캡슐 100 세럼 30ml 더블기획 (+피디알엔 마스크 1매),https://www.oliveyoung.co.kr/store/goods/getGoodsDetail.do?goodsNo=A000000255324,57500,27900,51.5,20581,4.8,85,10,4,1,1,1,0,0,1,A000000255324,ALL
