수집일자,상품번호,리뷰ID,작성일,별점,체험단여부,리뷰타입,옵션,피부타입,피부톤,피부고민,도움수,유용점수,포토여부,재구매,닉네임,리뷰본문
2026-08-07,A000000239676,63654910,2026.08.03,5,0,NORMAL,[올영픽 한정] 트리트먼트 더블+브러쉬,,,,3,1980.0,1,0,경비원,"파마하고 나서 머릿결이 진짜 많이 상해서 푸석하고 부스스했는데 올영픽이라 궁금해서 써봤어요.
단백질 흡착 트리트먼트라 그런지 한 번만 써도 머릿결이 확실히 차분해진 느낌! 헹궈내는 트리트먼트인데도 노워시 제품 바른 것처럼 씻고 나서도 머리가 찰랑거리고 부드러워서 신기했어요. 다음날 출근했는데 후배가 &#34;머리 엄청 차분해 보이네요?&#34;라고 해서 효과를 한 번 더 느꼈습니다ㅋㅋ
200ml 2개 들어있는 더블기획이라 오래 쓸 수 있어서 가성비도 좋고, 같이 들어있는 브러쉬도 은근 만족! 젖은 머리에 빗어도 엉킴 없이 부드럽게 빗겨서 요즘 같이 쓰고 있어요.
파마나 염색 때문에 손상된 머릿결이라면 한 번 써볼 만한 트리트먼트인 것 같아요. 푸석했던 머리가 한결 차분해져서 저는 만족했습니다."
2026-08-07,A000000239676,63831842,2026.08.06,5,0,NORMAL,[올영픽 한정] 트리트먼트 더블+브러쉬,,,,0,1512.0,1,0,QueenLin,일 회 만에 손상 무 개선 트리트먼트 브러쉬도 있고 바르고 있으면 담백질 흡착이 더 된다고 하네요
2026-08-07,A000000261733,63832625,2026.08.06,5,0,NORMAL,[NEW 신규 향] 더티코튼,A03,B05,"C05,C06",0,1800.0,1,0,oaon,"향이 깔끔하면서 폭닥한 느낌이라 여름에도 더운느낌 없이 쓰기 좋아용,,,ㅎ
 색은 블루계열이라 깔끔하고 방에 놔둬도 냄새는 싹 잡아주고 포근한 코튼향이 은은하게 나니까 방 분위기도 더 좋아지는 느낌이에요!! 더티코튼 신상이라 구매했는데 넘넘 만족했습니당
 다음에는 제주사려니숲도 사보려고해요!!"
2026-08-07,A000000171423,63397895,2026.07.28,5,1,GIFT,딥데미지 트리트먼트 기획,A04,B01,"C01,C05",0,1134.0,0,0,효지니,어노브 항상 쟁여두고 사용해요~ 향도 좋고 머릿결도 부드러워져서 좋아요!
2026-08-07,A000000171427,63627043,2026.08.02,5,0,NORMAL,티트리 200매+케이스+스티커,,,,13,6660.0,1,0,위코,"유명한 건 이유가 잇음
쟁여두고 쓰면서 만족중!!!
종류별로 다 써보고싶다"
2026-08-07,A000000171427,63423376,2026.07.29,5,0,NORMAL,마데카소사이드 흔적 패드 100매,A03,B02,"C01,C02",14,5994.0,0,0,소별님,행사할 때 샀어야 했는데 필요해서 정가 구입했네요.그만큼 만족하며 사용했어요.
2026-08-07,A000000171427,63401551,2026.07.28,5,0,NORMAL,히알루론산 속보습 패드 200매,A04,B05,"C01,C04",13,5454.0,0,0,우수아,속건조 잡는 데는 이 히알루론산 패드가 진리예요! 200매 대용량이라 닦토용으로도 쓰고 팩처럼 얹어두기 너무 좋아요.
2026-08-07,A000000259474,63552519,2026.08.01,5,0,NORMAL,(원터치캡)어린쑥 패드 60+10,A01,B03,"C01,C05",5,1512.0,0,1,자신있써어어,"이제 나이먹어서 솔직히 시트마스크 펼쳐서 붙일 기력도없음
이게 좋음."
2026-08-07,A000000259474,63879164,2026.08.07,5,1,OFFLINE, ,A03,B04,"C01,C03",0,660.0,1,0,Chaerishhh,"뽑아쓰는거라 집게가 필요없어서 좋구요 시트가 넓적하고 커서 얼굴 많이 덮어줘서 좋아요 은근 시원하고 이거 쓰면 개기름 덜나와요 나이아신아마이드, 모공 관련 이름 붙은 패드 중에 기름진거 많던데 이건 확실히 기름을 말려주네요^^"
2026-08-07,A000000222882,63418497,2026.07.28,5,0,NORMAL, ,A01,B02,"C05,C07",0,2754.0,1,0,소소하다이거야,"💛 기초 토너도 쑥시카라인이라서 크림도 구매했어요~
💛 아주 순한 크림이라서 피부 자극 없음
💛 1+1 구성이라 엄마와 하나씩 나눠서 쓰는 중이에요~"
2026-08-07,A000000222882,63437485,2026.07.29,5,0,NORMAL, ,A03,B02,"C02,C04",0,945.0,1,0,리브영yy,"몇년간 사용하던 제품이에요 ㅎㅎ
미니 미스트까지 주길래
바로 구매 했어요 ㅋㅋ"
2026-08-07,A000000222882,63212696,2026.07.24,5,0,NORMAL, ,,,,0,594.0,1,0,하핳핳,"- 한율 쑥시카 크림
한율 쑥시카 라인 좋아하는게 여름에 사용하기 가벼운 크림립니다요!! 촉촉하고 좋아요. 원플러스 원이라서 좋았습니다. ㅎㅎ"
2026-08-07,A000000222882,63006285,2026.07.19,5,1,GIFT, ,A03,B01,"C02,C03",1,540.0,0,0,뽀리공주,"가볍게 사용할 수 있는 수분크림을 찾다가 구매했는데 만족스러웠어요. 크림 제형이 부드럽게 발리면서 피부에 빠르게 흡수됐고, 끈적임 없이 촉촉하게 마무리되는 점이 마음에 들었습니다. 답답한 느낌이 없어 아침저녁으로 사용하기 좋았고, 피부가 편안한 느낌이라 데일리 보습용으로 자주 손이 가는 제품이에요."
2026-08-07,A000000222882,63608833,2026.08.02,5,0,NORMAL, ,A04,B06,"C01,C05",0,528.0,1,0,금소해,"아주아주 좋음
순하고 발림성 촉촉하고 흡수가 잘돼서 마무리감도 깔끔함
겨울에는 조금 건조할지도 모르겠는데 여름용으로는 아주 좋음"
2026-08-07,A000000222882,61796298,2026.06.22,5,0,NORMAL, ,A01,B02,"C05,C07",0,378.0,1,0,소소하다이거야,"💛 토너랑 세럼이랑 같이 구매했어요~ 
💛 여름에 가볍게 사용하기 좋아서 선택
💛 데일리하게 쓰기 좋고 지성이 써도 괜찮아요~!
💛 향도 좋고 무난함"
2026-08-07,A000000222882,61310853,2026.06.11,5,0,NORMAL, ,,,,1,378.0,1,0,하핳핳,"-한율 쑥시카크림
이 시기에 기름지지 않게 바를 수 있는 크림입니다~!!  수분이 가득 해서 좋아요. 원플러스 원에서 양이 충분 해요. 원플러스 원 안하면 조금 비싸요.ㅠㅠ"
2026-08-07,A000000222882,62869553,2026.07.16,5,0,NORMAL, ,A01,B01,"C01,C03",0,330.0,1,0,똘아에멍,"적당한 유수분크림
로션이라고햐도될듯
냄새는 호불호인데 제품이 좋아서 재구매할듯
양이 너무 적은데 ㅠㅠ 할인을 많이해쥬세요"
2026-08-07,A000000222882,63658419,2026.08.03,5,0,NORMAL, ,,,,0,264.0,1,0,hah****,더우면 얼굴에 열이 다 몰리는 타입입니다 한율어린쑥크림 만나고나서는 걱정이 없어용! 차가운 팩 해주고 요거 발라주면 고밍 해결입니다 순해서 애기들이나 어른들도 다 사용하기 좋을 거 같아요ㅔ
2026-08-07,A000000222882,62985682,2026.07.18,5,0,NORMAL, ,A03,B02,"C01,C06",0,264.0,1,1,히뽀02,"자극없이 순한 수분크림이에요 
벌써 몇통 쓰는지 모르겠어요 
행사때마다 삽니다"
2026-08-07,A000000222882,63358131,2026.07.27,3,0,NORMAL, ,,,,1,252.0,1,0,vvrhrnak,그냥 그저그랬어요 음 뭐랄까 트러블이 더 나는 거 같은 느낌? 이걸 쓸 때 마다 느낌
2026-08-07,A000000222882,62126116,2026.07.01,4,0,NORMAL, ,A02,B01,"C03,C08",2,252.0,1,1,지니geniewish,건성 피부인데 이거 오래 썻더니 요철이 너무 많이 생겨서 이제 갈아타요ㅠㅠ 성분은 순하고 좋아요
2026-08-07,A000000222882,63850942,2026.08.07,5,1,OFFLINE, ,A01,B02,,0,240.0,0,0,경밍잉,스킨케어 마무리 단계에서도 좋고 메이크업 전 단계에서도 좋고 그냥 순한데 너무 좋아요 ㅠㅠ 저녁엔 듬뿍 올려놓고 자는 편이라 더블기획인데도 빨리 써서 아쉬워요 튜브타입이라 사용하기도 편하고 가지고 다니기도 편해서 여행갈때도 꼭 챙기는 템입니다!
2026-08-07,A000000222882,63031248,2026.07.19,4,1,OFFLINE, ,,,,0,198.0,1,1,꼬은,"정말 게속 사서 쓰는 수뷴크림리에요
이거 쓰다가 안쓰면 피부 안좋아지는 느낌이라 꾸준히 쓰는둥"
2026-08-07,A000000222882,62652919,2026.07.11,5,0,NORMAL, ,,,,0,198.0,1,1,쭈니글스,쑥향 너무 조음 ㅜㅠ 꾸덕해서 바르면 피부 쫀쫀해져요 !! 😽
2026-08-07,A000000222882,63019283,2026.07.19,5,1,GIFT, ,A03,B02,"C01,C02",0,180.0,0,0,짬뽕죠아,"일반적인 시카 크림의 묵직하고 답답한 막 형성 제형이 아니라, 맑은 쑥 진정 성분이 결합되어 겉돌지 않고 피부 속으로 빠르게 흡수되는 텍스처가 단연 압권이에요. 피부에 닿는 순간 인위적인 에탄올의 화함이 아닌, 은은하고 편안한 자연 유래 쿨링감이 붉게 달아오른 표면을 부드럽게 진정시켜 줍니다. 과도하게 뿜어 나오는 유분기는 싹 잡아주면서 속 수분만 쫀쫀하게 채워주니까, 세안 후 이 제품 하나만 레이어링 해도 속 당김 없이 하루 종일 편안한 유수분 밸런스가 유지되는 완성도 높은 수분 장벽 크림입니다."
2026-08-07,A000000222882,63001409,2026.07.19,5,1,OFFLINE, ,A02,B01,"C03,C05",0,180.0,0,1,둥7070,"한 달 동안 꾸준히 써보고 남기는 찐 후기입니다! 유분기 많은 크림 쓰면 바로 트러블 올라오는 예민한 수부지 피부인데, 이 제품은 수분감은 꽉 채워주면서 마무리는 끈적임 없이 산뜻해서 정말 만족스러워요. 특히 붉어지거나 트러블 올라오려 할 때 도톰하게 얹고 자면 다음 날 진정되는 게 눈으로 보입니다. 1+1 기획이라 용량도 넉넉해서 아끼지 않고 팍팍 쓸 수 있어서 너무 좋아요. 자극 없이 순한 데일리 진정 크림 찾으시는 분들께 무조건 추천합니다! ㅎㅎ"
2026-08-07,A000000222882,63782114,2026.08.05,5,0,NORMAL, ,A02,,,0,176.0,1,0,화장품사고싶다,되게 촉촉하고 바르고 난 후에는 보들보들 했어요! 흡수도 빠그게 되고~~! 저는 마지막 단계에서 발랐는데 답답함없이 좋앗습니데잉/!!!
2026-08-07,A000000222882,61940599,2026.06.26,5,0,NORMAL, ,,,,0,132.0,1,0,몽실햄,없으면 못살아요..... 거의 2년째 쓰는중ㅋㅋ 발림성 좋고 수분크림 바르고 나면 말라서 더 건조해지는데 한율은 그런거없어요 이거바르고 선크림바르고 화장해도 밀림 없고 진짜 딱 좋음!!
2026-08-07,A000000222882,61330944,2026.06.12,5,0,NORMAL, ,A02,B01,"C03,C08",0,132.0,1,1,지니geniewish,건성이고 겨울에는 이게 유수분 밸런스가 좋아서 5녕 넘게 재구매하고 았어요. 순하고 건성이신 분들께 매우 추천해요. 여름에는 좀 오일리하지만 가벼운 수분크림이랑 번갈아 가면서 쓰면 좋아요
2026-08-07,A000000222882,63238485,2026.07.24,4,0,NORMAL, ,,,,0,126.0,1,0,dkakr****,제품은 만족하는데 택배받을때 제품상자가 열려있고 박스에 써있는 유통기한이랑 제품 자체 유통기한이 달라요. 개봉후 재포장한 제품인가 싶어서 아쉽네요
2026-08-07,A000000222882,62416935,2026.07.06,5,0,NORMAL, ,,,,0,99.0,1,0,xht****,수분이 많아서 여름철 땀흘리고 메마른피부에 좋은것같습니다 흡수가 잘됩니다
2026-08-07,A000000222882,61829284,2026.06.23,5,0,NORMAL, ,A01,B02,"C03,C04",0,99.0,1,0,좋은아침,수분이 적당하고요 쑥이 있어서 자극도 없는거 같아요. 기름도 덜 생깁니다.
2026-08-07,A000000222882,61627871,2026.06.18,5,0,NORMAL, ,,,,0,99.0,1,1,꼬은,이거 따라올 제품 없는 것 같아요 진짜 여름철에 쓰기 너무 좋음 ㅠㅜ
2026-08-07,A000000222882,61627774,2026.06.18,4,1,OFFLINE, ,,,,0,99.0,1,1,꼬은,이거 따라올 제품 없는 것 같아요 진짜 여름철에 쓰기 너무 좋음 ㅠㅜ
2026-08-07,A000000222882,63647402,2026.08.03,5,0,NORMAL, ,,,,0,88.0,1,0,ghkddbw****,역윽시 한율!!!냄새부터 내스타일인데 발림성더 미쳤거 그냥 순해요!!
2026-08-07,A000000222882,62896382,2026.07.16,5,0,NORMAL, ,,,,1,84.0,1,0,a97****,"한율라인으로 마무리는 수분크림이죠
끈적이없이 수분감을 있어서 산뜻했어요
제형도 적당하게 흡수 가 되니 화장이 밀리지 않습니다"
2026-08-07,A000000222882,62073311,2026.06.29,5,0,NORMAL, ,A02,B03,"C02,C04",0,75.0,0,0,킹왕짱올리브올드,와 한율사랑합니다 정말 촤고엥ㅂ요. 왜냐면 딱 이거 향도 너무 상큼?상쾌?건강?한 향이고 제형도 촉촉한 수분크림!!!! 무겁지 않아서 졸라요. 근데 속건조도 잡아줘요. 그래서 팍팓 썼더니 거의 다 써갑니다 기획 많이 래주세요 또 상거니까
2026-08-07,A000000222882,63742050,2026.08.05,5,0,NORMAL, ,A03,B03,"C03,C06",0,72.0,0,0,솔직한언니,자극없이 순하고 끈적임 없이 산뜻해서 막쓰기 좋음.1+1이면 개이득
2026-08-07,A000000222882,63492469,2026.07.30,3,0,NORMAL, ,,,,0,66.0,1,0,frogdn****,"진짜 순한거같긴한디 너무 건조해요
여름엔 스는데 겨울엔 못써요"
2026-08-07,A000000260522,63871656,2026.08.07,5,0,NORMAL,폼160ml+40ml,A03,B03,"C03,C07",0,1512.0,1,0,빠르밍,"거품도 풍성하고 세정력이 좋아요.
향도 은은하고 건조함이 없어 재구매 했어요."
2026-08-07,A000000260522,63752685,2026.08.05,5,0,NORMAL,160ml*2 +망곰 동전지갑,A03,B02,"C02,C05",1,1512.0,1,1,찬란한에그,"몇통째 작년부터 이것만 사용중
이것저것 사용해봐도 이것만한게 없음
자극없고
촉촉하고 순함~~"
2026-08-07,A000000260522,63770074,2026.08.05,5,0,NORMAL,폼160ml+40ml,A03,B02,"C01,C03",1,1260.0,1,0,콩콩땅콩,"몇통째 쓰고 있는지.. 클렌징밤도 이
제품 쓰고 있어요. 순하고 세정력 괜찮아여"
2026-08-07,A000000258291,63858882,2026.08.07,5,0,NORMAL, ,A04,B02,"C04,C05",0,1800.0,1,0,굼미굼미,"최근에 토리든 토너 구매하면서 세럼도 함께 쓰면 좋을 것 같기도 하고, 마침 쓰던 세럼도 다 떨어져서 구매했어요. 토리든 히알루론산 제품들은 하나같이 수분은 채워주면서 유분감은 안 올라오고 깔끔하게? 마무리 되는 것 같아요.

 제가 속은 건조하고 겉은 유분감이 있어서 기초제품을 이것저것 많이 써봤는데 유분기를 잡아주는 제품들 보다는 수분충전에 효과있는 제품들이 더 잘 맞더라구요. 그중에서도 자극없고, 가볍게 바를 수 있는 제품들을 택하는데 토리든이 딱 그런 제품이었어요! 

향도 마치 물..?처럼 은은한 향인데다가 끈적임도 없고 바르면 그대로 흡수되어서 사용하기 간편해요!"
2026-08-07,A000000258291,63774787,2026.08.05,3,0,NORMAL,본품X2+밸런스풀20ml+선크림20ml,A03,,"C02,C04",1,1200.0,1,0,녹채,"피부 건조할 때 2-3겹 쌓아주면 피부가 쫀쫀해지면서 수분이 채워지는데 진짜 이거 리뉴얼 하고 용기가 레전드 개불편해짐. 스포이드가 바닥까지 도달 못 하니까 양이 꽤 남아있는데도 그냥 버려야 함. 안 그러려면 스포이드 해체쇼 해줘야 하는데 소비자가 왜 이런 불편함까지 감수해야하는지..
제품 자체는 별 다섯개인데 용기 땜에 ⭐️⭐️⭐️"
2026-08-07,A000000223388,63750033,2026.08.05,5,0,NORMAL,유기농100%순면 울트라슬림 중형 18P,,,,0,660.0,1,1,호있뀨,"매번 사용하능 제품입니다. 1+1 자주해서 쟁여템! 가장 순하고 적당한 가격이라 맘에들어요. 가격은 조금
올랐네용!"
2026-08-07,A000000223388,63654918,2026.08.03,5,0,NORMAL,유기농100%순면 울트라슬림 중형 18P,,,,0,660.0,1,1,호있뀨,매번 사용하는 제품. 생리통이 심해 외국 제품도 써보고 국내 순면도 많이 써봤는데 요 제품이 제일 가격도 좋고 품질도 좋아요!
2026-08-07,A000000223388,63654767,2026.08.03,5,1,OFFLINE,유기농100%순면 울트라슬림 중형 18P,,,,0,660.0,1,1,호있뀨,매번 사용하는 제품. 생리통이 심해 외국 제품도 써보고 국내 순면도 많이 써봤는데 요 제품이 제일 가격도 좋고 품질도 좋아요!
2026-08-07,A000000260600,63788469,2026.08.05,5,0,NORMAL, ,A02,B04,"C04,C06",21,2520.0,1,1,원서쓴곳다붙는다,미니언즈귀여워요.... 그리고앰플좋음 솔직히 첨에 바이럴인줄알앗는데 진짜 좋아서 넘신기 바이럴돌린애들중에 진짜 좋앗던거 손에꼽게없엇는데 속건조 싹잡아주고 트러블안나는데 안끈적거림ㅠㅡ 담엔 토너도사볼예정!! 토너도미니언즈기획해주세용🥹
2026-08-07,A000000260600,63788278,2026.08.05,5,1,OFFLINE, ,A05,B04,"C04,C06",16,1800.0,1,1,원서쓴곳다붙는다,아니ㅠㅜㅡㅠㅜ 키링때문에 세개삿는데 중복이라니 바나나 밥 너뮤탐나여 아그리구 이거 두번째 쓰는 리뷰인데 이거앰플은조아용 앰플 별로엿으면 돈아꼇을것같은데 저는 진정도 잘 되고 올해중에 피부 젤좋음 진심으로.. 이마가맨날건조해서 좁쌀이 없던적이없는데 이거쓰고걍싹사라짐 할인좀만더해줫으면하는바램 이니스ㅇ리 밀크에센스엿나? 그거바르고 이거바르고 같은라인 그린티겔크림 발라보세여 진심개좋음 유튜버 박스에 크림 들어잇길래 써봣는데 여름에 딱좋아용 셀라딕스랑 같이쓰기딱임..🥹
2026-08-07,A000000260600,63714748,2026.08.04,5,1,OFFLINE, ,A03,B03,"C01,C03",9,1080.0,0,0,뇨끼히,"재구매 했습니당 이번에 콜라보를했던데 너무 귀엽고 예쁘고 실용성있고 아주 칭찬해요 셀라딕스. ㅋㅋㅋㅋ
진짜 달에 한 번은 꼭 뒤집어지는데(그것도 아주 심각하게) 이거만 있으면 복구하는데 2주~3주 걸리던걸 1주일이면 싹 낫는게 진짜 최고에요"
2026-08-07,A000000260600,63788069,2026.08.05,5,0,NORMAL, ,A01,B02,"C01,C03",5,660.0,1,0,포도스프,지성피부라 요즘같은 무더위에 땀에  열감에 피부가 너무  열악해지는 스트레스가 쌓여가고 있었단 차에 미니언즈 트러블 모공앰플 기획세트구입했어요 출근전 퇴근후 직접 체험해보니 피부에 진정효과가 느껴져 구입 만족해요
2026-08-07,A000000261423,63844856,2026.08.07,5,1,OFFLINE, ,A03,B03,,1,1800.0,1,0,진짜솔직하게씀,"나이트 스킨케어나 메이크업 전이나 언제든지 사용하기 좋은 수분 앰플

웰라쥬 앰플 이거 흡수력도 좋고 수분감도 좋아서 너무나도 잘 사용하고 있어요.
특히 지금 같은 날씨에 답답함 전혀 없이 빠르게 흡수되면서 수분을 채워줘서 마음에 들어요.

ㅌㄹㄷ은 조금 더 점성이 있어요. 건성이 수분 충전을 조금 더 하고 싶을 때 추천
ㅇㅍㅇ 세라마이드 이게 제일 점성 있고 제일 두꺼워요. 그만큼 수분 충전과 피부 회복에는 좋으나 지금 날씨에는 너무 무거워서 사용하기 쉽지 않아요."
2026-08-07,A000000212555,63730646,2026.08.04,4,0,NORMAL,[1+1기획] 쿨링 선 스프레이,A04,B04,"C02,C04",1,1512.0,1,0,유선호유태호,"쿨링감이 있긴한건지,, 확실히 선스프레이가 편하긴한데 자차 차단도 잘몰게씀
바디에만 쓰고잇는데 가끔 팔에 살짝이지만 두드러기 올라옴"
2026-08-07,A000000212555,63789661,2026.08.06,5,0,NORMAL,[1+1기획] 워터프루프 선 스프레이,A02,B03,"C01,C02",0,660.0,1,0,고구마0603,워터프루프라 샀어요!! 보라카이가서 급하게 주문했는데 여행가소 잘 썼어요
2026-08-07,A000000212555,63857231,2026.08.07,4,0,NORMAL,[1+1기획] 워터프루프 선 스프레이,,,,0,396.0,1,0,kelly0203,여름에 잘 쓸것 같아요. 수시로 뿌리기 좋고 워터프루프라 물놀이용으로도 잘 써요
2026-08-07,A000000151904,63880470,2026.08.07,5,0,NORMAL, ,A02,B02,"C01,C03",0,1800.0,1,0,정복왕,"야외 활동할 때 쓸 선크림 찾다가 식물나라 워터프루프 선 크림을 알게 되어서 구매했어요 
워터프루프 기능이 확실해서 땀을 많이 흘리거나 물놀이할 때 번짐이나 흘러내림 걱정 없이 안심하고 사용할 수 있더라고요 
제형은 촉촉하고 부드럽게 발리면서도 마무리는 끈적임 없이 산뜻하게 밀착되어 답답한 느낌이 전혀 없었어요 
백탁 현상 없이 깔끔하게 스며들어서 피부가 자연스럽고 매끄럽게 표현되는 점이 정말 마음에 들었습니다 
자극 없이 순한 편이라 얼굴은 물론 목이나 팔다리 등 전신에 부담 없이 바르기 딱 좋아요 
야외 스포츠나 야외 활동 자주 하시는 분들께 강력 추천하고 싶고 강력한 자외선 차단에 물과 땀에 강해서 여름철 필수 아이템으로 앞으로도 계속 재구매해서 잘 사용할 것 같습니다"
2026-08-07,A000000198320,63767916,2026.08.05,5,1,OFFLINE, ,A03,B04,C01,2,1800.0,0,0,유일미,"❗️에스트라 아토베리어365 크림❗️
올리브영 1등 보습크림이라는 문구에 홀려서 기대하며 구매했는데, 정말 만족스러워요. 처음 짤 땐 묵직한 제형인데 피부에 바르면 가볍게 녹아들어요. 하얀 알갱이들이 발리는 순간 사라지면서 보습감도 채워져서 좋았어요.

특히 자고 일어나도 촉촉함이 오래 유지돼서 속건조 고민이신 분들께 추천드려요. 민감성 피부인데도 트러블 없이 순하게 사용 중이에요. 무향이라 자극 없고, 튜브형이라 위생적인 점도 좋아요.

저녁에 바르면 다음날 아침 최상의 피부 컨디션을 느낄 수 있어요. 생각보다 양도 많아거 가성비도 괜찮아요. 건성·민감성 피부, 장벽 케어 필요하신 분들께 진짜 추천드려요."
2026-08-07,A000000198320,63795527,2026.08.06,5,1,OFFLINE, ,A03,B02,"C06,C09",0,792.0,1,0,코코아랜드,"N년째 N번째 사용하는 애정템이에요~ 
순하고 기름지지 않고 산뜻하니 가볍게 쓰기 좋아요~
자극없이 쓰기 순한 제품으로 왕추천입니다"
2026-08-07,A000000198320,63721363,2026.08.04,5,0,NORMAL, ,A03,B05,"C02,C05",1,792.0,0,0,체리마룽,피부가 많이 건조하신 어머니께서 항상 사용하는 제품인데 건조한 피부에 좋은 것 같아요
2026-08-07,A000000198320,63688708,2026.08.03,5,0,NORMAL, ,A02,B02,"C01,C10",0,792.0,1,0,지강,여름인데  손이 갑자기 늙는 게 느껴져서 보습에 좋다고 해서 주문했어요. 피부과의사가 추천하는 제품 같아요. 써보고 좋으면 재구매할 생각입니다.
2026-08-07,A000000198320,63534614,2026.07.31,5,1,GIFT, ,A03,B03,"C03,C04",1,792.0,0,0,저기,"요즘 피부가 건조하고 가려워서
샀는데 용량작아서 금방 쓸듯 ㅎㅎ
좋은지 보고 재구매각"
2026-08-07,A000000245884,63749012,2026.08.05,5,1,OFFLINE,바나나라떼 ,,,,3,2232.0,0,0,두부공주,점심 간단히 먹는날 우유나 물에 타먹기 좋은거 같아요 맛도 좋고 단백질도 챙기고 무엇보다 이런 종류들은 가볍도 휴대상이 좋아서 어디든 들고다닐 수 있는 점있거같아요
2026-08-07,A000000245884,63565880,2026.08.01,5,1,OFFLINE,멀티베리스무디 ,,,,3,2232.0,0,0,두부공주,식사대용으로 좋고 물보다는 우유타서 드셔야 포만감이 좋습니다 맛도 좋고 휴대하기도 좋아서 추천드립니다
2026-08-07,A000000257580,63172751,2026.07.23,5,0,NORMAL, ,A03,B05,"C06,C09",6,4374.0,1,1,아띠앙,"여름철에 팍팍 바르기 좋은 선크림

발림성이 너무 좋고 끈적임이 없어요 진짜 로션 바르듯이 발라도 백탁현상도 없고 좋습니다
피부가 답답하지 않고 편안해서 여름뿐 아니라
사계절 내내 잘 사용할것 같아요 화장전에 발라도 밀림이 없어서 좋아요"
2026-08-07,A000000241210,63638604,2026.08.02,4,0,NORMAL,[두유][단품]41소이아몬드,A01,B05,"C01,C05",1,1200.0,1,0,넴넴넴넴넴넴,일단 광이.미챴씁니다 그리고 냄새도 너무 좋고요 살딱 요플레가 있기는 한데 좀 펴발펴발하면 되서 상관 엄슴니다 근데 문제가 제가 갈뮽인데 이게 좀 제 입술에 올라오니까 딥이 되더라고용 그래서 조금씩 발라서 써야할 것 같습니다 착색은 연한 브라운으로 되고요 용기가 너무 귀엽습니다 사진은 쌩얼인거 양해부탁드리고요 아주 연하게 발색라고 조금 시간 지났을때 입니당 요거 베이스로 깔고 롬앤 구아바데이지 포인트로 주면 너무 예뻐요 그거 추천합니당
2026-08-07,A000000014788,63861038,2026.08.07,5,1,OFFLINE,라이너 롱 36P,,,,0,396.0,1,0,사과에땅콩버터,좋은느낌 생리대 이 가격에 1+1 좋아요!! 잘 구매함것같아요!
2026-08-07,A000000014788,63764598,2026.08.05,5,0,NORMAL,라이너 롱 36P,,,,0,396.0,1,0,이찐또,흡수도 잘 되고 롱이라 아주 만족하면서 사용 합니다추천참니다
2026-08-07,A000000183747,62974267,2026.07.18,5,0,NORMAL, ,A02,B05,"C01,C05",3,1620.0,1,0,lulululalalah,"* 한율 유자수면팩 건성피부인 저에게
잘맞아서 몇년째 꾸준히 쓰고 있는 제품이에요!!

* 특히 저는 단지형일때부터 사용했는데
유자향도 좋고 제품도 넘 촉촉해서 좋습니다!!

* 자기전에 도톰하게 바르고 자면 다음날까지
촉촉하고 수면팩찾는 분들께 추천해요!!"
2026-08-07,A000000183747,62768229,2026.07.13,5,0,NORMAL, ,A03,B01,"C04,C06",1,756.0,1,0,방탄바라기,"샘플로 써보고 본품 구매했어요
가볍게 수면팩으로 써봤는데 좋아서 
타 브랜드에 비해서 덜 찝찝하더라구료
본품 아쉬운 점은 씰링 처리 안돼있어서 좀 아휩데여"
2026-08-07,A000000183747,61676373,2026.06.20,5,0,NORMAL, ,A03,B01,"C01,C04",1,450.0,1,0,Amyyy,안 써 보신 분들 있으시면 진짜 써 보세요. 제발 저 이거 열 통은 넘게 썼어요. 이 말도 여러번긴했는데 친구 때문에 몇 번 써 보다가 와이거 뭐지 하고 그냥 제가 쟁여놓고 쓰고 있는 아이템이거든요. 겨울에 저는 이거 없으면 잠잘 때 너무 불안합니다 얘 만큼 보습을 속이랑 겉을 다 채워 주는 애가 잘 없어요.
2026-08-07,A000000183747,63116904,2026.07.21,5,0,NORMAL, ,A02,B04,"C01,C02",0,396.0,1,0,블루머그,"벌써 다써가네요 ㅎㅎㅎ
여름에 상큼한 수면팩으로 이만한게 없네요
강추드립니다"
2026-08-07,A000000183747,62709487,2026.07.12,5,0,NORMAL, ,A03,B06,"C01,C02",0,396.0,1,0,시호송,처음구매해봐요 원래는 마스크팩쓰는데 다써서 수면팩으로 루틴을 좀 바꿔보려해요 기대해보겠습니다!!!꾸준히 사용해볼게요
2026-08-07,A000000183747,62701348,2026.07.12,3,0,NORMAL, ,,,,0,300.0,1,0,Namaste,"올리브영
한율
한율 달빛유자 수면팩
어 이상하네요
정말 기대 이하네요
예전의. 한율. 달빛유자 수면팩은
정말 저처럼 악건성 피부에.너무좋고 
에어컨을 켜고 수면을 취해도 거의  수면팩이
얼굴을.보호해주었는데
이번에. 정말 오랜만에 구입했는데
기대이하. . . 악건성피부. 보호하지도 못하고 
악건조 악건성. 피부. 보호 절대 못하고
설명법엔. 기초하나바르고 수면팩 바르고 자라는데 
절대 놉
기초.탄탄히.바르고. 마지막 수면팩 향이
달콤 유자차니. 그냥 아까우니 바르고잔다
발림성은 미끈미끈하다
놉"
2026-08-07,A000000183747,63411104,2026.07.28,5,0,NORMAL, ,A03,B01,"C03,C09",0,297.0,1,0,telegi****,예전에 사용하고 좋았덧 기억이 있어서 오랜만에 세일하길래 재구매
2026-08-07,A000000183747,63707957,2026.08.04,3,0,NORMAL, ,A06,B04,"C01,C05",0,240.0,0,0,미피보리쮸,트러블이 안나는지는 모르겠지만..또 미백효과또한 잘은 모르겠지만 살짝 안색이 밝아진것같은 느낌은 듭니닷. 양이 엄청작게 느껴졌는데 사실상 매일 사용하는 제품은 아닌지라 금방안닳는것같아요 재구매는 좀더 고민해봐야겠습니다! 이런 슬리핑팩들 많이나오면 좋겠어용
2026-08-07,A000000183747,63580303,2026.08.01,5,0,NORMAL, ,A04,B03,"C05,C08",0,240.0,0,0,수부지걸,"일주일 동안 자기 전에 꾸준히 사용했습니다. 제형이 가볍고 촉촉해서 피부에 부드럽게 펴 발렸고, 답답하거나 끈적이는 느낌이 거의 없었습니다.

다음 날 아침 세안할 때까지 피부가 촉촉하게 유지되는 느낌이었고, 특히 속건조가 많이 완화되었습니다. 메이크업도 평소보다 잘 먹는 편이라 만족스러웠습니다.

유자 향이 은은해서 바를 때마다 기분이 편안해지고, 밤에 스킨케어 마무리용으로 사용하기 좋았습니다. 1+1 구성이라 가성비도 뛰어나 오래 사용할 수 있는 점이 마음에 들었습니다. 건조한 피부나 수분 관리가 필요한 분들에게 추천합니다."
2026-08-07,A000000183747,61656669,2026.06.19,5,0,NORMAL, ,A02,B03,"C09,C10",0,198.0,1,0,올리바옹,자기 전에 바르고 자면 다음 날 아침에 굉장히 탱탱한 얼굴이 되어 있습니다.
2026-08-07,A000000183747,63202171,2026.07.23,5,1,OFFLINE, ,,,,0,165.0,1,0,돼비니,"진짜 n번째 사용 중인 템이에요
자기 전에 바르고 자면 담날 피부가 매끈!"
2026-08-07,A000000183747,61908714,2026.06.25,5,0,NORMAL, ,A03,B02,"C01,C02",0,132.0,1,0,풀파워어,데일리 수면팩으로 나쁘지 않아요 유자향이 은근히 힐링되네요
2026-08-07,A000000183747,63345974,2026.07.27,5,0,NORMAL, ,,,,1,126.0,1,0,pangy****,밤에바르는 수분팩이에요. 여름빼고는 사용하기 좋아요.
2026-08-07,A000000183747,61226034,2026.06.09,5,0,NORMAL, ,,,,0,126.0,1,0,Namaste,"올리브영
한율
비타민수면팩
정말.내가 좋아하는 제품이다.
특히 화장품 이름도 마음에.들고
향도 은은하고 
발라도 끈적하지 않아서 좋다.
저녁에 샤워후
또는 세안후
미스트 후 수면팩 하나
바르면.끝
간단하고 편하고 좋다!"
2026-08-07,A000000183747,61792941,2026.06.22,4,0,NORMAL, ,A03,B02,"C01,C02",0,90.0,0,0,phoenix,"작년에 한율에서 나온 어린쑥 라인의 클렌징 폼을 구매해서 사용해 보고, 만족도가 높아서 지속적으로 재구매하고 있다가, 이번에는 호기심에 달빛유자 수면팩 구매했습니다. 스킨케어 마지막에 마스크팩 떼어낸 후 이 제품으로 마무리하면 될 것 같습니다."
2026-08-07,A000000183747,63699752,2026.08.04,5,0,NORMAL, ,A03,B01,"C11,C12",0,72.0,0,1,장비,날씨가 더워서 피부가 지친 거 같아서 자기전에 부부가 같이 합니다
2026-08-07,A000000183747,63464343,2026.07.30,5,0,NORMAL, ,,,,0,66.0,1,1,kimms06****,일단 자기전 홈케어로 사용하기 좋습니다. 확실히 흔적리페어 및 보습에 좋거든요. 물론 많이 바르면 트러블이 올라오기 때문에 적당히가 좋긴 합니다.
2026-08-07,A000000183747,63193115,2026.07.23,5,0,NORMAL, ,,,,0,66.0,1,1,zin****,"기초나 잘때나 다 한율 써요, 가격도 합리적이고 이번에 1+1 감사합니다"
2026-08-07,A000000183747,63192889,2026.07.23,5,0,NORMAL, ,,,,0,66.0,1,0,zin****,자기전에 쓰면 너무 좋아요 피부도 밝아진기분? 세일해서 맨날 쟁여요
2026-08-07,A000000183747,62250375,2026.07.03,5,0,NORMAL, ,,,,0,66.0,1,0,숑이거니맘,"한달사용 리뷰 남길게요
가는시간 못잡아요
향 제 취저에요
수면팩
자기전 발라여
양은 적어도
케이스도 맘에들고
제형도 만족합니다 
재주문의사 있어요
굿굿"
2026-08-07,A000000183747,61217783,2026.06.09,5,0,NORMAL, ,,,,0,60.0,1,0,유니유나,"1년내내 꾸준히 사용하고 있는 제품이예요 시트팩도 사용하고 수면팩도 사용하는데 주로 수면팩이 더 효과적이라서 수면팩을 사용해요 이브랜드 저브랜드 이것저것 가리지않고 사용하는데 그래도 요 제품이 최근 몇년은 주로 사용하고 있어요 향도 은은하게 좋고 바르고 나면 다음날 오전까지는 촉촉함이 유지되더라고요 
시트팩은 트러블있을때는 좀 사용을 피하게 되는게 수면팩은 바르고 흡수되길 기다리기만하면 되니까 사용도 훨씬 편리해요 
유자향이 심하게 진하지않아서 좋아요 다쓰면 또 구매하러올게요"
2026-08-07,A000000183747,63381687,2026.07.28,4,0,NORMAL, ,A03,B02,"C01,C02",0,54.0,0,0,phoenix,"최근에 한율에서 나온 클렌징 제품을 써보니 만족도가 높아서, 유자 수면팩도 구매해서 주 1-2회 정도 잘 사용하고 있습니다."
2026-08-07,A000000183747,63209879,2026.07.24,5,0,NORMAL, ,A02,B02,"C02,C04",0,54.0,0,0,망그러진망곰,자기전애 발라주기좋아용 유자향이 달달해서 더 조은듯 ㅎㅎ
2026-08-07,A000000183747,63428420,2026.07.29,2,0,NORMAL, ,,,,0,45.0,0,0,네네주인님돈다썻어요,"아 뭔가 손이 잘 안 감... ㅠㅠㅠ 

1. 향기가 좋고 상큼함
2. 아침까지도 촉촉하고 화장 잘 먹는 것 같긴 한데
3. 조금이라도 좀 마르면 좋겠는데 아예 안마르니까 베개에 꼭 수건을 깔고 자야 하고 너무너무 귀찮음 흑흑... ㅠㅠ"
2026-08-07,A000000183747,63019746,2026.07.19,5,0,NORMAL, ,,,,0,44.0,1,0,kimms06****,요즘 저녁에 매일 이거 하고 자는데 너무 좋아요! 다음날 피부가 진짜 맑고 붉은 여드름 자국이 빨리 없어져요
2026-08-07,A000000183747,62811782,2026.07.14,5,0,NORMAL, ,,,,0,44.0,1,0,soo****,"진짜로 주름에 효과적임 냄새도 좋고 바르면 기분 좋아짐
목주름 개많아서 한번 목에 발라봤는데 옅어짐ㅋㄱㅋㄱㅋ"
2026-08-07,A000000183747,63595078,2026.08.02,4,0,NORMAL, ,,,,0,40.0,0,0,pipp****,여행 후 잦은 물놀이 때문에 얼굴이 넘 많이 까매지고 피부가 거친 느낌이 들어 미백제품 찾다가 구매했어요. 바르고 자면 끝이라 편해요. 향도 좋고 많이 끈적이지 않고 산뜻한 느낌이에요. 피부톤도 처음보다는 한톤 밝아진듯 해요. 꾸준히 사용해보려고요.
2026-08-07,A000000183747,63069446,2026.07.20,5,0,NORMAL, ,A02,B04,"C01,C02",0,36.0,0,0,치키,"몇년동안 꾸준리 쓰고 있는 유자 어쩌고,, 보습감도 좋은데 향도 좋고 밤에 충분히 흡수시키고 일어나면 마스크팩보다 뺀질피부 ㄹㅈㄷ"
2026-08-07,A000000183747,63003524,2026.07.19,5,0,NORMAL, ,A03,B04,"C04,C05",0,36.0,0,0,찡쨩,일단 향이 좋아서 바르게 되는데 광채는 잘 모르겠어용 효과 있나
2026-08-07,A000000183747,38798337,2025.04.06,5,0,NORMAL, ,A02,B04,"C02,C05",57,31.5,1,0,도비는자유예요,"도비는… 수면 전에 이걸 꼭 바르지 않으면… 도무지 잠을 잘 수가 없어요…얼굴이 땡기면 도비는 슬퍼요… 그래서 도비는 이 수면팩을 항상 바릅니다…

바르고 자면… 다음날 도비 피부가… 꿀피부가 되어 있어요… 마법처럼요…도비는 이거 벌써… 몇 통째인지 기억도 안 나요… 

도비가 말해요… 이건 써본 자만이 아는 행복이에요…
도비는 오늘도 이걸 바르고 꿀잠 잘 거예요… 도비는 수분충전된 자유로운 도비예요…"
2026-08-07,A000000130319,63858755,2026.08.07,5,0,NORMAL, ,A01,B05,"C04,C05",0,1080.0,1,1,멸종위기사랑,"지성피부에게 정말 추천드립니다.
유럽에서는 얘를 세수 할때 사용한대요.
물보다 덜 자극적이라서.

외출하고 귀가 후에 미세먼지나 피지 때매
찝찝할때 우선 솜에 묻혀서 노폐물을 닦아주고
세안하면 덜 찝찝해요.

정말 10년 이상 사용해서 평생가야하는 아이템입니다"
2026-08-07,A000000221882,63731281,2026.08.04,5,1,GIFT, ,A03,B03,"C02,C04",2,1512.0,0,0,꼬마,"요즘 자외선 난리난리 ㅠㅠ
넘 뜨거워서 팔에 꼭 발라주고
외출중이에요~!!ㅎㅎ"
2026-08-07,A000000221882,63719665,2026.08.04,5,1,OFFLINE, ,A03,B04,C09,0,720.0,1,0,이나eena,"식물나라 선 젤에 정착해서 이번 여름에 몸에 쓸 무기자차 선크림 찾다가 식물나라에도 바디 선크림이 있어서 샀어요
목, 쇄골쪽에 햇빛 알레르기가 있는 편이라 그쪽은 무조건 무기자차 바르는데 개인적으로 무기자차를 좋아하진 않아요..
왜냐면 너무 뻑뻑해요
근데 이건 에스트라 다음으로 덜 뻑뻑한 것 같아요
목에 잘 쓰고 있습니다!"
2026-08-07,A000000221882,63675200,2026.08.03,5,0,NORMAL, ,A03,B04,"C05,C06",1,660.0,0,0,쿠보,몸이랑 얼굴용으로 바를 선크림으로 구매했어요! 가성비가 좋아용
2026-08-07,A000000221882,63628020,2026.08.02,5,1,OFFLINE, ,A04,B06,"C05,C08",1,528.0,0,1,해파리파리,눈 시림이 거의 없어서 만족했습니다. 외출 전에 꼭 바르게 되는 선크림이에요.
2026-08-07,A000000139063,63870517,2026.08.07,5,0,NORMAL,[악마프2 에디션]라이트(본품+리필),,,,0,1512.0,1,0,GOLD여우냥,청쇳물 쿠션중에 검정색과 이색이 있는데 검정색은 좀 많이 매트한 느낌입니다. 성분도 이 제품이 훨씬 더 좋아요. 일단 건성 피부에는 이 제품이 더 나은 것 같아요.
2026-08-07,A000000180532,63701408,2026.08.04,5,0,NORMAL,[갸루키티]30호 클래시누드블러링,A01,B03,C09,4,2952.0,1,0,소묘,웜한 메이크업 좋아해서 여름 내내 이걸로 갸루 메이크업 엄청 하고 다녔어요 짱이뿜....🖤
2026-08-07,A000000180532,63633946,2026.08.02,5,0,NORMAL,[갸루키티]30호 클래시누드블러링,A01,B04,"C07,C09",5,2232.0,0,0,여름쿠우,16색까지 필요없으니까 가루날림개선이나 해라... 라고하면실례일까요
2026-08-07,A000000233030,63686157,2026.08.03,5,0,NORMAL,[올영픽] 파우더 4ea+트리트107ml,A02,B04,"C01,C02",4,4680.0,1,0,원이판,"주말마다 수영 다녀오면 염소 성분 때문에 머릿결이 완전 개털 되고 난리도 아니었거든요. ㅠㅠ 그래서 극손상모 전용으로 긴급 심폐소생 해보려고 써봤는데, 진짜 집에서 청담샵 클리닉 받은 것처럼 부드러워져서 깜짝 놀랐어요!
핑크 파우더가 들어가서 그런지 색감부터 예쁜데, 고단백 영양이 꽉 채워지는 게 느껴지더라고요. 바르고 헹궈낼 때부터 미끌거리는 겉돎 없이 찰랑거리고, 한 번 쓰고 나면 다음 날까지 윤기가 잘 유지돼서 대만족입니다. 저처럼 수영장 다니시거나 극손상모 이신 분들 홈케어용으로 추천합니다!!"
2026-08-07,A000000233030,63702981,2026.08.04,5,0,NORMAL,[올영픽] 파우더 4ea+트리트107ml,,,,4,3120.0,1,0,복만가득뿌리,요새 염색에 파마도 하고 날이 더워서 햇빛에서 오는 머리 손상도 있어 머리결 관리를 고민하다가 구매했습니다. 청답샵에서 하는 관리 가서는 못 받지만 집에서 받아보고 싶었거든요. 고단백이라 극손상모에 적합하고 100시간이 지속된다는 말에 구매했는데 확실히 전에 트리트먼트만 썼을 때랑은 머리결이 달라요. 특히 머리 끝 쪽은 매직과 파마로 계속해서 머리결 손상이 있었는데 부슬부슬한게 사라졌어요! 트리트먼트에 핑크바우더 섞어서 사용했는데 너무 만족합니다.
2026-08-07,A000000233030,63634508,2026.08.02,5,0,NORMAL,[올영픽] 파우더 4ea+트리트107ml,,,,1,1680.0,1,0,jrbby1013,잦은 염색으로 머리결이 정말 많이 상해서 구매해봤는데  뭔가 트리트먼트랑 핑크파우더를 섞어쓰고있으면 특별관리 하는것같은 느낌이어서  좋습니다!  심지어 진짜 청담샵 클리닉에도 입점하였다니 완전 더 믿음이 가고 10분 기다리는게 좀 힘들지만 사용하고 나면 정말 물미역 그자체에요 고단백이기도 하고 개털이 되어버린 극손상 머리를 구원해줄수있을것 같아서 우선 계속 써보겠습니다!
2026-08-07,A000000233030,63796847,2026.08.06,5,0,NORMAL,[올영픽] 파우더 4ea+트리트107ml,,B03,,1,1260.0,1,0,혜이지니야,"​수영 다닌 후로 머릿결이 상해서 프롬랩스 초고함량 단백질 흡착 부스터 파우더+트리트먼트 조합으로 케어 중이에요. 트리트먼트에 핑크 파우더를 섞으면 쫀쫀한 고단백 제형이 되는데, 극손상모에 겉돌지 않고 착 밀착됩니다. 청담샵 클리닉받은 듯 머릿결이 너무 부드럽고, 100시간 지속되는 단백질 덕분에 수영 후에도 뻣뻣함 없이 매끄러워서 대만족이에요!"
2026-08-07,A000000233030,63795611,2026.08.06,5,0,NORMAL,[올영픽] 파우더 4ea+트리트107ml,A03,B05,"C08,C13",1,1080.0,0,0,장군감,"와따 혁명
일단 모델링팩 마냥 섞는 재미도 있는데 ㄹㅇ 물미역됨요!
기대 안하고 했는데 머리 말리는 동안에도 머릿결이 너무 부드러워서 기분 좋았어요..!
가끔 스페셜하게 셀프관리 하고싶을 때 추천
다쓰면 8개짜리 가루 또 사려구요 반곱슬 부시시한 머리에 강강강추합니다!!"
2026-08-07,A000000233030,61774176,2026.06.22,5,0,NORMAL, 파우더,A03,B01,"C08,C10",6,780.0,1,1,핑크설구,"가루타입으로 한주에 한번 트리트먼트에 섞어 사용하고 잇어요^^
확실히 요걸 사용하고 안하고의 차이가 있는거 같기도하고ㅎㅎ
왠지 안쓰면 서운한 제품이랄까
같이 증정된 트리트먼트도 괜찮앗는데
확실히 전 요 가루타입이 훨씬 좋은거 같아 마음에 들어요"
2026-08-07,A000000233030,62070200,2026.06.29,5,0,NORMAL, 파우더,A01,B06,"C01,C05",10,738.0,0,0,정혜란,"염색을 쫌 빡세게 했더니 왠만한 트리트먼트로도 효과가없어서 구매한건데
매우좋음"
2026-08-07,A000000233030,63753656,2026.08.05,5,0,NORMAL,[올영픽] 파우더 4ea+트리트107ml,,,,4,520.0,1,0,zsead****,"계절이 바뀔때마다 염색을 하는 저로써 ㅎㅎ,, 머릿결이 많이 상해서 평소에도 트리트먼트를 거의 매일 하는 편인데, 처음으로 프롬랩스 단백질 헤어팩 써봤거든여

처음에는 신기해서 샀는데 구성도 염색키트느낌이 나더라구여 파우더 제형이라 신기했는디, 제가 사용하는 트리트먼트에 섞어서 사용하면 되기도 하더라구여 근데 같이 트리트먼트 들어있는거 사서 ㅎㅎ 같이 써봤어요

이건 진짜 쓰면 알겠지만 바르면 바로 느껴져요 와.. 이거 바로 물미역됐다..
다씻고 머리를 말리는데 푸석한 느낌 하나두없고 모발이 한결 차분해지고 빗질도 왕 부드럽게 되더라고요,,,

진짜 손상된 모발 속부터 단백질 그득그득하게 채워지는 느낌... 극손상모라면 한 번만 써보세여 바로 압니다

그리고 좀 머릿결 좋은게 오래가는 느낌이 있긴해요 아껴쓰고싶은데 자주쓰고 싶다...

집에서 단백질케어 받는 느낌받고싶으시면 옆에 있는사람한테 해달라해여 미용실느낌남 진짜로"
2026-08-07,A000000233030,63753260,2026.08.05,5,0,NORMAL,[올영픽] 파우더 4ea+트리트107ml,,,,4,520.0,1,0,jinjin****,"청담샵에서도 사용하는 제품이라고해서 기대를 많이 했는데 그 기대를 충족시켜주네요 ㅎㅎ
요즘 정수리 잔디도 장난아니고 머리를 길게 기르고 레이어드 컷을 하다보니 머리가 정말 이리저리 지저분하고 결도 안좋아보이더라고요 ㅠㅠ 
고단백에 극손상모에 적합한 제품이라고 하고 청담샵에서 사용하는 제품이라고 해서 속는셈 치고 사용해본건데 정말 머릿결이 확실히 정돈되고 차분해져서 너무 만족입니다 !!
조금 번거롭긴 하지만 효과가 확실해서 꾸준히 사용할것 같아요 ㅎㅎ"
2026-08-07,A000000233030,63748048,2026.08.05,5,0,NORMAL,[올영픽] 파우더 4ea+트리트107ml,,,,4,520.0,1,0,entrap****,"극손상모라 트리트먼트만으로는 아쉬울 때가 많았는데, 부스터 파우더까지 같이 사용하는 제품이라 궁금해서 써봤어요.

가루를 트리트먼트에 섞으면 예쁜 핑크색으로 변하는데 섞는 과정도 어렵지 않았고, 생각보다 잘 섞였습니다.

샴푸 후 모발에 골고루 바르고 5분 정도 두었다가 헹궜는데, 헹굴 때부터 머릿결이 부드럽게 느껴졌어요. 
드라이 후에는 부스스함이 조금 정돈되는 느낌이 들었고 손으로 빗어도 한결 매끄러웠습니다.

향도 부담스럽지 않았고 일주일에 한 번 정도 집중 케어용으로 사용하기 괜찮을 것 같아요.
 특히 잦은 염색이나 열기구 사용으로 푸석한 머리라면 한 번쯤 사용해볼 만한 제품입니다.

핑크색은 천연 유래 성분(백년초 열매 가루) 때문에 나타나는 색으로 염색 제품은 아니라는 점도 안내되어 있습니다. 
제품은 트리트먼트와 부스터 파우더를 함께 사용하는 방식이며,
 사용 설명서에는 트리트먼트와 부스터 파우더를 약 5:1 비율로 섞어 사용하도록 안내되어 있습니다."
2026-08-07,A000000233030,63742340,2026.08.05,5,0,NORMAL,[올영픽] 파우더 4ea+트리트107ml,,,,4,520.0,1,0,ksm13****,"잦은 염색과 드라이 때문에 극손상모라 집에서도 청담샵 클리닉 받은 것처럼 관리하고 싶어서 사용해봤어요:)

처음에는 핑크 파우더를 트리트먼트에 섞어 쓰는 방식이 신기했는데, 사용 후 머릿결이 한층 부드럽고 차분해지는 느낌이 들었습니다. 고단백 성분이 손상된 모발을 코팅해주는 듯해 빗질도 훨씬 수월했고, 푸석했던 끝부분도 정돈되는 느낌이예요!!

특히 드라이 후에도 윤기가 오래 유지되고 모발이 쉽게 엉키지 않아 만족스러웠습니다. 제품 설명처럼 100시간 지속 효과는 꾸준히 사용해보면 더 체감될 것 같고, 집에서 간편하게 헤어 케어를 할 수 있다는 점이 가장 마음에 들었습니다.

극손상모 때문에 고민이신 분들이라면 홈케어용으로 한 번 사용해보면 좋을거 같아요! 😊"
2026-08-07,A000000233030,63659394,2026.08.03,5,0,NORMAL,[올영픽] 파우더 4ea+트리트107ml,,,,4,520.0,1,0,sh****,"염색·펌으로 상한 머리, 바람에 부딪혀 푸석해진 머리 때문에 고민하다가 이번 올영픽 한정기획으로 득템했어요! 파우더 1포 2g씩 총 8개 들어있어서 필요할 때마다 간편하게 쓰기 정말 좋더라고요
끝부분 갈라짐이나 엉킴이 심했는데 사용 후 빗질도 한결 가벼워졌고, 샤워 후 말려도 뻣뻣해지지 않고 부드러움이 오래가요. 전문 헤어살롱에서 받는 클리닉 느낌을 집에서도 간편하게! 이번 8월 한정으로 혜택도 좋으니 손상모이신 분들, 지속력 좋은 단백질 케어 찾으시는 분들께 완전 강추해요👍 
재구매 100% 확정이에요~"
2026-08-07,A000000233030,63319005,2026.07.26,5,0,NORMAL, 파우더,A07,B01,"C05,C06",1,495.0,0,1,금호동뉴정,"비싼데요, 비싼 값을 합니다. 진짜 효과가 좋아요.
평생 템 할게요"
2026-08-07,A000000233030,63310277,2026.07.26,5,0,NORMAL,핑크 파우더 8EA,A03,B03,"C01,C05",1,495.0,0,0,은수Eunsu,생각보다 만족도가 높았습니다. 꾸준히 사용하면서 효과를 더 기대해보려고 합니다.
2026-08-07,A000000233030,61623058,2026.06.18,5,0,NORMAL, 파우더,A03,B06,"C02,C03",5,450.0,0,0,리뷰쓰는카피바라,"프롬랩스 초고함량 단백질 흡착 부스터 파우더를 사용해 봤는데, 평소 쓰던 트리트먼트에 살짝 섞어서 쓰니까 머릿결 변화가 확실히 다르네요 !

파우더 제형이라 그런지 단백질이 머리카락에 더 쫀쫀하게 흡착되는 느낌이라 손상모 관리에 정말 효과적인 것 같아요 :)

8개입이라 넉넉하게 들어있어서 관리하고 싶은 날 집중 케어용으로 쓰기에 아주 딱입니다.

푸석한 머릿결 때문에 고민이 많았는데, 이걸로 관리하고 나면 확실히 머릿결이 탄탄하고 부드러워져서 너무 만족스러워요 ^^"
2026-08-07,A000000233030,63708319,2026.08.04,5,0,NORMAL,[올영픽] 파우더 4ea+트리트107ml,,,,3,440.0,1,0,qksw****,"평소 염색과 고데기를 자주 해서 극손상모라 헤어팩이나 트리트먼트를 이것저것 써봤는데, 이 제품은 확실히 색다른 느낌이었어요. 핑크파우더를 트리트먼트와 함께 물기 있는 모발에 골고루 발라 사용하니 마치 청담샵 클리닉을 집에서 받는 듯한 사용감이 느껴졌습니다. 특히 고단백 성분이 모발에 밀착되는 느낌이라 헹군 뒤에도 머릿결이 한결 차분하고 부드러웠어요. 푸석하고 엉키던 끝부분도 빗질이 훨씬 수월해져 만족스러웠습니다. 향도 부담스럽지 않고 사용법도 간단해서 홈케어용으로 쓰기 좋았어요. 제품에서 강조하는 100시간 지속 효과는 개인차가 있겠지만, 머릿결이 매끈한 느낌이 오래 유지되어 만족했습니다. 손상된 모발 때문에 고민이라면 한 번쯤 사용해볼 만한 제품이에요."
2026-08-07,A000000233030,63652772,2026.08.03,5,0,NORMAL,[올영픽] 파우더 4ea+트리트107ml,,,,1,400.0,1,0,바람벌꿀,"평소 손상모가 고민이라 트리트먼트에 부스터 파우더를 섞어서 사용해봤는데 사용감이 정말 만족스러웠어요

섞는 과정도 어렵지 않고 헤어팩 하는 기분이라 홈케어 시간이 더 특별하게 느껴졌답니다사용 후에는 머릿결이 한층 더 부드럽고 탄탄해진 느낌이라 빗질도 훨씬 수월했어요초고함량 단백질이 모발을 집중 케어해주는 느낌이 들어 극손상모 관리용으로 딱이었고 100시간 지속 케어라는 점도 믿음이 갔어요

집에서도 살롱에서 관리받은 것처럼 윤기 있고 차분한 머릿결을 느낄 수 있어서 앞으로도 꾸준히 사용하고 싶은 제품이에요 완전 강추!!!"
2026-08-07,A000000233030,63225102,2026.07.24,5,0,NORMAL,핑크 파우더 8EA,A03,B01,"C08,C10",1,396.0,0,0,핑크설구,"원래 쓰던게 없고 리뉴얼?제품으로 있어서
요번에는 이걸로 구매했어요
구성품이랑 외관은 똑같아서
뭐가 다른지는 잘 모르겠어요^^
확실히 요걸 써줘야지
머릿결이 덜 상하는거 같아서 구매했어요!"
2026-08-07,A000000233030,62666116,2026.07.11,5,0,NORMAL, 파우더,A03,B01,"C01,C02",1,396.0,0,0,나는야올영노예,"오 이거 진짜 좋아요 부들부들함이 남다름
물미역 저리가라임"
2026-08-07,A000000233030,62991753,2026.07.19,5,1,OFFLINE,핑크 파우더 8EA,A03,B04,"C01,C05",1,330.0,0,0,nyeom,확실히 트리트먼트랑 같이 쓰면 머릿결이 훨씬 좋아지는 게 느껴져요 머리를 말리고 나서도 머리가 부드 럽습니다
2026-08-07,A000000233030,63037292,2026.07.20,5,0,NORMAL,핑크 파우더 8EA,A03,B01,,1,264.0,0,0,옹공0922,"좋아요 만족하면서 잘쓰거 있어요~! 
좋은 제품이라 추천해요!"
2026-08-07,A000000233030,62941588,2026.07.17,5,0,NORMAL,핑크 파우더 8EA,,,,5,260.0,1,0,hye****,"머리카락이 얇은 곱슬 머리예요

매직 잘못하면 타는거아시죠?

이번에 완전 하기전보다 더 푸석한 손상모가 되서 너무 속상했는데 유튜브보다 추천받은게 생각나서 
구매해서 오늘 처음 사용해봤어요

대박 
푸석한머리가 조금 사라지고 부드러워졌어요 
트리트먼트 제품쓰고 이런변화는 처음입니다 
완전강추해요!!!

너무신기해서 트리트먼트랑 삼푸도 사서 사용해보려고합니다"
2026-08-07,A000000233030,62699663,2026.07.12,5,0,NORMAL, 파우더,,,,5,244.0,1,1,if****,한달에 한 번은 사용해요 머리결 좀 부드러워지는 느낌 향도 무난합니다
2026-08-07,A000000233030,62639817,2026.07.11,4,0,NORMAL, 파우더,,,,5,244.0,1,0,tm****,향도 거의 없고 보내준 용기에 덜어 트리트먼트랑 섞어서 사용하면 머리카락이 부드러워져서 좋아요.
2026-08-07,A000000233030,63874703,2026.08.07,5,0,NORMAL,[올영픽] 파우더 4ea+트리트107ml,,,,0,200.0,1,0,sunsun1****,"프롬랩스 초고함량 단백질 흡착 부스터 파우더는 손상된 모발 때문에 고민이신 분들께 단비 같은 제품이에요. 8월 올영픽 한정기획이라 구성도 알차고, 1회용 파우치 타입이라 여행 갈 때나 운동할 때 챙겨 다니기도 정말 편해요.
트리트먼트에 가볍게 섞어 쓰기만 하면 되는데, 모발에 단백질이 찰떡같이 흡착되면서 빗질조차 안 되던 머릿결이 거짓말처럼 부드러워지더라고요. 100시간 지속이라는 타이틀답게 영양감이 오래 유지되어 드라이 후에도 부시시함 없이 윤기가 흐르네요."
2026-08-07,A000000233030,63820478,2026.08.06,5,0,NORMAL,[올영픽] 파우더 4ea+트리트107ml,,,,0,200.0,1,0,mymous****,"청담샵 클리닉에서 사용하는 제품이라는 후기를 보고 망설이지 않고 구매했어요!! 제 머리가 탈색과 밝은 색 염색으로 10년 넘게 지속해서.. 복구 불능이였거든요.. 최근에는 정말 지푸라기같은 머리로 너무 .. 걱정이 많아서 연장을 생각했었습니다.. ㅠㅠ 그런데 영양공급이   100시간 지속 된다고도 하고, 고단백로 되어있어서 극손상모에 좋다는 말에 구세주 만난듯이 오자마자 써봤습니다!! 우선 ㅎ  핑크 파우더로 색깔 너무 예쁘고 꾸덕한 감이있지만 전 머리 카락이 너무 심각한 상태라 끝부분 위주로 도포하고 세척했는데요~~ 
오랫만에 느껴보는 머리의 단정함?! 공손함?ㅎ됀시리 저까지 다소곶해지는 느낌이예요~ 머리카락이 가지런해진 느낌이구요! 
뭔가 굵어진 기분이 들어요! 자꾸 만지게 되서 ㅎ 요즘 같은 날씨에 금방 기름지려나 싶을 정도로요 ㅎ ㅎ 너무 만족해요!! 극손상모이신분들에게 강추입니다 !! 사진 참고하세요!!!!"
2026-08-07,A000000233030,62628783,2026.07.10,5,1,GIFT, 파우더,A03,B02,"C02,C03",1,198.0,0,0,ㅅㄱㅈㄱㄷㄴㄱ,프롬랩스 단백질 흡착 부스터 파우더 구매했어요. 좋아요.
2026-08-07,A000000233030,62607478,2026.07.10,5,1,GIFT, 파우더,A03,B02,"C02,C03",1,198.0,0,0,ㅅㄱㅈㄱㄷㄴㄱ,단백질 흡착 부스터 파우더 구매했어요. 배송도 빠르고 좋아요.
2026-08-07,A000000233030,61987335,2026.06.27,5,0,NORMAL, 파우더,,,,1,198.0,0,0,꾸꾸미미1108,스페셜케어 느낌으로 가끔 쓰기 좋아요. 같은 시리즈 트리트먼트랑 섞어서 잘 쓰고 있어요. 미용실 한 번 다녀온 후 유지관리 할때 좋은 것 같아요.
2026-08-07,A000000233030,61756337,2026.06.22,5,0,NORMAL, 파우더,,,,2,186.0,1,0,아트슬,"영양감이 충분해요
사용이 간편해요
머릿결 개선에 도움이 됩니다"
2026-08-07,A000000248829,63707717,2026.08.04,5,0,NORMAL,트러블패치 마스크 3매입,,,,7,6120.0,1,0,개끌고산책하는공주,"워낙 유명한제품이기도하고  피지많은 주변 지인들도 제법 많이 쓰고있길래  구매해봤어요!올영갓을때 항상 품절이더라구요~췟
처음 써봣는데 붙이고 시간이지나도 얼굴이 시원해지네요~좀 오랫동안 부치고있어야해여 바짝마르고 떼어냈는데  피지같이 나오네요ㅎㅎ신기해
민감성 피부인데 자극적이진 않았어요!!한번사용했는데  만족도가 높네요~모공피지 신경쓰이는 1인이라  계속 사용할것같아요~재구매 의사잇음!"
2026-08-07,A000000261742,63860048,2026.08.07,5,0,NORMAL, ,A03,B03,C09,0,1800.0,1,0,녕긔,이전에도 메디힝 마데카소사이드 세럼을 잘 사용 했었는데 새롭게 업그레이드 된다고 들어서 바로 구매해봤습니다 이전보다 더 좋아지는 느낌??! 용량도 커지고 확실히 촉촉하고 피부 진정 시켜 줘서 지금 같은 여름철에 사용하기 딱 좋은 제품이었습니다! 흡수도 빠르고 찐덕거리는 느낌이 없어서 제가 좋아하는 제형입니다 최고 ㅠㅠ
2026-08-07,A000000233771,63567919,2026.08.01,5,0,NORMAL, ,A01,B05,"C05,C07",1,1500.0,1,1,마녀가되자,"나는 한율이 갑자기 리뉴얼해서 쓰레기가 되지 않는 이상, 세럼은 한율만 쓸 거임. 진짜 그정도로 내 피부에 제일 잘 맞고 제일 좋은 세럼이 한율!!!!이라고. 수부지•지성•복합성 제발!!!!!사세요제발제발. 누가 무슨 실리콘? 모공 막는 성분? 있다고 했는데 그게 뭔지 모르겠고 트러블 하나도 안 나고 오히려 쫀쫀하게 수분 잘 채워줌. 쿨링감 너무 좋고 그냥 사랑해 한율 나랑 결혼해 대신 유리 용기 좀 바꿔 내가 자꾸 깨먹잖아"
2026-08-07,A000000233771,63209708,2026.07.24,5,1,OFFLINE, ,A02,B01,"C01,C04",1,1125.0,1,0,81프로서울지점,"건성인데 여름엔 기름이 많이 올라와서 한번 사봤습니다.
우선 가격이 좀 있긴 한데... ㅎㅎ 확실히 그냥 수분 세럼을 바르는 것 보다 기름이 20% 정도 덜 올라오는 느낌. 그러면서도 기초적인 보습은 되는 느낌입니다. 저는 조금 부족해서 다른 수분 세럼을 레이어링하긴 해요.
기름이 싹 사라진다거나 그런 것은 아니지만, 살짝의 쿨링감도 있으니 여름용 세럼으로 추천드립니다! 

용기 디자인 자체는 예쁜데 왜 굳이 펌프형으로 했을까... 그냥 드롭형으로 하면 안되었나... 짤 때마다 팍 튈까봐 좀 조심스럽습니다. 그렇게 되직한 제형도 아닌데...
그리고 향이 저는 좋긴 한데 세럼 치고 매우 강해서 불호 있을 것 같습니다. 쑥향은 아니에요."
2026-08-07,A000000233771,63626155,2026.08.02,5,0,NORMAL, ,A04,B01,"C04,C05",0,528.0,1,0,아이라브이,매일매일 아침저녁으로 바릅니다 부드럽게 발리고 촉촉하고 끈적이지 않음
2026-08-07,A000000233771,62321593,2026.07.04,5,1,OFFLINE, ,,,,1,450.0,1,0,그랜마,"요건 흡수력이 좋은 수분 앰플이라 추천해요!
이게 보송한 마무리가 되는데 쑥히알 특색있는 수분감이 채워지고 마무리가 끈적이지 않는거라 여름에 잔여감 가볍게 쓰기 너무 좋아요! 물론 속수분 채워지고요!! 펌핑타입이라 사용과정이 간편해서 너무 좋아요!
근데..용량 너무해요.. 솔직히 기능성 앰플이 아니라 “수분”인데 너무 적어요..리필까지 합친용량이 기본 용량이라 생각해요.."
2026-08-07,A000000233771,63643246,2026.08.03,3,0,NORMAL, ,,,,0,396.0,1,0,jeeee****,"일단 브러쉬는.. 쓸모를 잘 모르겠네요. 그냥 손으로 쓱쓱 발라도 끈적임없이 흡수가 잘 됩니다.
아무런 이상 없는 게 좋은거겠죠? 큰 효과를 잘 모르겠는데 그게 자극없이 잘 맞는거라고 생각해볼게요.ㅎㅎ"
2026-08-07,A000000233771,63178474,2026.07.23,5,1,OFFLINE, ,,,,0,396.0,1,0,라온스럽게,"순해서 너무 잘 쓰고 있어요 좋아요 굿굿...^^
양도 많아서 괜찮아요"
2026-08-07,A000000233771,62891652,2026.07.16,5,0,NORMAL, ,A03,B02,"C01,C05",1,396.0,1,0,GORAE8,수부지 피부인데 이제서야 쓰네요.. 유튜버들이 광고하는거 보면 살까말까 고민했는데.. 생각보다 좋은듯요! 미니 사이즈는 여행용으로 딱이에요
2026-08-07,A000000233771,62731631,2026.07.13,5,0,NORMAL, ,A03,B03,"C04,C13",0,330.0,1,0,재칭,"세럼사서 써보고 크림까지 구매했어요
끈적이는 제형이라 별로일것같았는데 생각외로
그렇진않아요ㅎ잘쓸게요"
2026-08-07,A000000233771,63765522,2026.08.05,5,1,OFFLINE, ,A02,B04,"C05,C13",0,300.0,0,0,권혜령,와 인생세럼임 시원하고 막 물흐르는제형이 아니라 젤리? 느낌인데 샤-하면서 솩 시원해지고 유분이 1도없고요 오히려 유분을 잡아주면서 ㅈㅉ 피부상태를 최적의 상태로 맹글어줌 너무 좋습니다 메이크업전에 이거랑 선세럼만  바르는데 너무 좋아요 세럼만 바르고 화장해도 완벽합니다 진짜 좋아여 제가 집에 세럼이 넘쳐나요 진짜 몇갠지도 모르겠는데 써본 세럼 중에 이걸 손에 꼽습니다 ㄹㅈㄷ임 진짜로 살 것을 고민하지마셈.
2026-08-07,A000000233771,62908396,2026.07.17,5,1,OFFLINE, ,,,,0,264.0,1,0,스팸맛코코몽,유분도 줄어들고 촉촉하고 매끈하고 좋습니다 만족합니다!!!
2026-08-07,A000000233771,63452564,2026.07.29,5,1,OFFLINE, ,A01,B06,"C04,C05",0,225.0,0,0,돈쓰는게제일좋아,"여름이라 유분이 더더더 많이 나와서 걱정하다 친구의 추천으로 구매하게 되었던 템입니다
화장하기 전에 지성들이 가볍게 바르기 좋은 제형이었고 이걸 바르고나서 화장하면 유분이 확실히 적게 나오더라고요 
근데 이게 유분을 잡느라 모공을 막는지 좁쌀 여드름이 한두개 올라오더라고요 저는 유분 잡아주는 것에 만족하여 그냥저냥 잘 사용하고있지만 피부 예민하신 분들은 이러한 점 확인하시고 구매하시는거 추천드릴게용"
2026-08-07,A000000233771,61702983,2026.06.20,5,0,NORMAL, ,,,,0,225.0,1,0,thdqhrud****,"이 흰색 알갱이가 보이시나요.. 얼굴에 바르면 시원해지고 보습이 되는 것 같은 느낌이에요. 확실히 이거 바르기 전에 로션, 크림 바르는 것보다 이거 바르고 바르는게 기름, 유분도 안올라오고 좋아요!! 리필있는거로 사서 한통 써도 다시 새것이 되는게 너무 좋아요!!"
2026-08-07,A000000233771,62966300,2026.07.18,3,0,NORMAL, ,A02,B06,,0,198.0,1,0,voo****,자극감이 없는 건 장점인데 크게 효과를 보지 못했어요ㅠ 유분만 살짝 잡아주는 정도
2026-08-07,A000000233771,62736250,2026.07.13,5,1,OFFLINE, ,,,,0,198.0,1,0,파주젤리펀치,"빠르게 흡수되고 촉촉하고 쫀득함.
유수분 밸런스를 잡아주는 느낌이 들었고
이거 한 개만 발라도 안건조함
복합성 피부에 추천!
좁쌀, 붉은 트러블 진정이 되서 좋아요.
홍조가 있는데 유수분 밸런스 덕분인지 홍조 줄어듬"
2026-08-07,A000000233771,62902635,2026.07.17,5,0,NORMAL, ,A01,B04,"C01,C02",0,180.0,0,0,냥굴,이거 진ㅁ자 만든 사람 상줘야돼요ㅠㅠㅠ 진짜 보송한데 수분은 다 잡아주고 프라이머를 바른것같은 피부상태를 만들어주는 듯한.. 그런 발림. 심지어 쑥라인이라 진정효과도 슬그머니 기대해봅니다. 저 이거 친구꺼 썻다가ㅜ너무 좋아서 바로 샀어요. 다들 이거 사고 고능소비하세요
2026-08-07,A000000233771,63562026,2026.08.01,5,0,NORMAL, ,,,,0,176.0,1,0,예아짱짱걸,처음에 피티쌤한테 추천 받아서 사용해봤는데 이거 쓰고 피부 좋아져서 또 구매햇어요
2026-08-07,A000000233771,63068778,2026.07.20,5,0,NORMAL, ,A02,B04,"C05,C08",0,150.0,0,0,심장의색깔은블랙핑크,"🩷
제가 며칠 써봣는데요
저는 제가 건성인 줄 알앗는데 복합성인 거 같아요
코 쪽은 지성쪽인데 나머지는 건성?그런 거..

암튼 딱 얼굴에 올렷을 때 슥슥 바르고
톡톡 두들기면서 흡수시키니까 쫜.쫜.해집니더
이거 쓰니까 화장이 더 잘 먹는 느낌?

확실히 이거 쓴 날에 기름이 덜 올라와서 잘 쓰고 잇긴 한데
그렇게 생각보다 드라마틱하게 기름 들어가는 건 아니고 그냥 덜 기름진다 정도입니당

참고하세요잉🙉"
2026-08-07,A000000233771,63695369,2026.08.04,5,1,OFFLINE, ,,,,0,132.0,1,0,smdkska****,순해서 쓰기 좋고 향도 좋아용 얼굴에 자극도 없고 유분을 잡으니까 지성 전용으로 쓰기도 좋아영
2026-08-07,A000000233771,62162854,2026.07.01,5,0,NORMAL, ,A01,B02,"C02,C05",0,132.0,1,0,믕몽,사실 제가 너무 극지성이라 유분이 늦게 나오는지는? 잘 모르겠지만 일단 바르고나면 보송보송하구 무엇보다 꽃향? 나서 넘 기분이 좋아유..♥ 엄마 생각 남
2026-08-07,A000000233771,61492187,2026.06.15,5,1,OFFLINE, ,,,,0,132.0,1,0,스팸맛코코몽,수부지입니다. 자고 일어날때 유분이 많이 올라올때가 있는덷 한율 쑥히알 앰플 사용부터는 유분이 많이 줄었어요!!!
2026-08-07,A000000233771,61442504,2026.06.14,5,0,NORMAL, ,A04,B01,"C04,C05",0,132.0,1,0,아이라브이,뭔가 바르는 느낌부터가 확실히 다르고 세럼 2통째 재구매 중임
2026-08-07,A000000233771,61444818,2026.06.14,4,0,NORMAL, ,A02,B06,,0,99.0,1,0,voo****,촉촉하게 수분을 채워줘서 좋아요. 처음 냄새 맡았을 때 한방?냄새가 나서 조금 당황스러웠지만 쓰다보니 별신경 안쓰여요
2026-08-07,A000000233771,62810678,2026.07.14,5,0,NORMAL, ,,,,0,90.0,1,0,movieboj****,여름용 세럼 찾고 있었는데 완전 딱 좋아요!! 무겁지도 않고 그렇다고 건조하지도 않은 세럼입니다. 은은하게 좋은 향기도 나서 가분 좋아여ㅎㅎ 건성~수부지가 여름에 쓰기 좋을듯 합니닷 은근히 쿨링효과도 있는듯한 느낌이지만 이건 그냥 저의 플라시보 효과인듯요.. 화장 전 화잘먹 세럼으로도 낫밷~~
2026-08-07,A000000233771,62804880,2026.07.14,5,0,NORMAL, ,,,,0,90.0,1,0,shoto****,"요즘 피부가 겉은 번들거리는데 속은 건조한, 이른바 ‘수부지 피부’ 상태가 계속돼서 고민이 많았다. 이런 피부는 단순히 수분만 채워주는 제품으로는 해결이 잘 안 되는데, 유분과 수분을 동시에 잡아주는 제품이 필요하다고 해서 사용해본 제품이 바로 한율 어린쑥 속수분 쑥히알 세럼이다. 결론부터 말하면, 수부지 피부에 꽤 잘 맞는 밸런스형 세럼이라는 느낌을 받았다.

이 제품의 가장 큰 특징은 ‘유수분 밸런스 조절’이다. 쑥 유래 성분과 히알루론산을 결합한 ‘쑥히알’ 성분이 들어 있어, 피부 속 수분을 채우면서 과도한 유분 분비를 줄여주는 것이 핵심이다. 실제 임상 결과에서도 유분은 감소하고 수분은 증가하는 효과가 확인되었다고 하는데, 이런 특징 덕분에 수부지 피부에 특화된 제품이라고 볼 수 있다.  ￼

사용해보면 가장 먼저 느껴지는 건 제형이다. 완전히 물처럼 흐르는 타입은 아니고, 살짝 점성이 있는 촉촉한 젤 세럼 느낌이다. 피부에 바르면 부드럽게 펴지면서 빠르게 흡수되는데, 끈적임이 거의 남지 않아서 지성 피부도 부담 없이 사용할 수 있다. 특히 아침에 바르기에도 좋았던 게, 흡수가 빠르다 보니 메이크업이 밀리지 않고 오히려 화장이 더 잘 먹는 느낌이 들었다.

보습력도 꽤 괜찮은 편이다. 바른 직후에는 피부 속까지 촉촉해지는 느낌이 들고, 시간이 지나도 속당김이 덜한 편이었다. 단순히 겉만 촉촉한 게 아니라 속건조가 완화되는 느낌이 있어서, ‘속수분’이라는 제품 컨셉이 어느 정도 체감됐다. 다만 극건성 피부라면 이 제품 하나만으로는 부족할 수 있어서 크림을 함께 사용하는 것이 좋다.

또 하나 인상적인 점은 ‘피부 진정 효과’다. 쑥 성분이 들어 있어서 그런지, 트러블이 올라오거나 피부가 예민할 때 사용해도 자극 없이 편안한 느낌이었다. 붉은기가 심하게 가라앉는 정도는 아니지만, 피부 컨디션을 안정시키는 데에는 도움이 되는 느낌이었다.

아쉬운 점도 있다. 가장 크게 느껴지는 부분은 ‘드라마틱한 변화는 없다’는 점이다. 이 제품은 피부를 빠르게 바꿔주는 기능성 제품이라기보다는, 꾸준히 사용하면서 유수분 밸런스를 맞춰주는 데 초점이 맞춰져 있다. 그래서 즉각적인 효과를 기대하기보다는, 데일리 케어용으로 사용하는 것이 더 적합하다. 또한 향이 약간 한방 느낌이 있어서, 향에 민감한 사람은 호불호가 갈릴 수 있다.

종합적으로 보면 한율 수부지 세럼은 속건조와 유분이 동시에 고민인 사람에게 추천할 만한 제품이다. 가볍지만 충분한 수분감을 주면서 피부를 편안하게 유지해주는 점이 장점이며, 특히 지성·복합성 피부나 학생들이 데일리로 사용하기에 적합하다. 큰 자극 없이 꾸준히 피부 컨디션을 안정시키고 싶다면 충분히 만족할 수 있는 제품이라고"
2026-08-07,A000000233771,61415408,2026.06.13,4,0,NORMAL, ,A02,B01,"C04,C05",0,90.0,0,0,lriyre0,"일단 향이 너무 강한 것 같습니다..ㅠ 쑥라인 향은 좋았던거 같은데 좀 머리 아플 정도여서 별 하나 뺐구요
또 유분 잡는 세럼이라는 말이 무슨 말인지는 알겟는데 실제로 유분을 잡아주는 건진 잘 모르겟고 오히려 시간 지나면 유분이 올라오는 느낌ㅁ…"
2026-08-07,A000000233771,63685006,2026.08.03,5,1,OFFLINE, ,,,,0,88.0,1,0,psy****,"냄새 개 조음 ㅎㅎㅋㅋ
히알이라 얼굴 보슴에 조아요
자극없이 투러블 났을때도 순해서 손이 많이 가는 거같아용"
2026-08-07,A000000233771,63633579,2026.08.02,5,1,OFFLINE, ,,,,0,88.0,1,0,emma07****,"매장 가서 테스트 해보고 촉촉해서 구매했어요.
자극 없고 순해욥:)
이번이 첫 구매인데 자주 쓸 것 같아여!!!
재구매 의사 있습니다*^^*"
2026-08-07,A000000233771,62895249,2026.07.16,5,1,OFFLINE, ,,,,0,88.0,1,0,Baboooooooooo,생각보다 좋아요! 잘 쓰고 있어서 또 살것 같아요!!!!!
2026-08-07,A000000233771,63834292,2026.08.06,5,0,NORMAL, ,,,,0,72.0,0,0,빈빙,이거 진짜 조은 거 같아요!! 유명한 이유가 잇는 것 가틈 진짜 유분이 살짝!! 덜 나와영
2026-08-07,A000000233771,63818742,2026.08.06,5,0,NORMAL, ,A03,B04,"C01,C05",0,72.0,0,0,지하증,자극 없고 순하고 그냥 저냥 잘 쓰는 템인거같긔 매일 바르는 거 같긔
2026-08-07,A000000253093,63856964,2026.08.07,5,0,NORMAL,[기획/브러쉬+퍼프2매] 파우더12g,A01,B01,C05,0,792.0,1,0,tombum,7월올영픽 기획 파우더가 올영라이브의 쿠폰이 발급되서 선물했는데 만족해서 도움이에요.
2026-08-07,A000000253093,63856593,2026.08.07,5,0,NORMAL,[기획/브러쉬+퍼프2매] 파우더12g,A01,B01,C05,0,792.0,1,0,tombum,올영라이브 7월올영픽 기획/브러쉬+퍼프 상품이라 선물했는데 만족해서 도움이에요.
2026-08-07,A000000259872,63760895,2026.08.05,5,0,NORMAL,[본품+리필] 21호 라이트 베이지,A03,B06,"C08,C11",1,1008.0,1,1,겨쿨딥아오키지,"리뉴얼하자마자구매함…
고민도없이…
수부지라 여름에쓸때 기초빡세게신경써야하긴하는데
그래도 이만한게없음"
2026-08-07,A000000259872,63695641,2026.08.04,5,0,NORMAL,[본품+리필] 21호 라이트 베이지,,,,1,1008.0,1,0,HyeeunKim,진짜 생각 보다 너무 좋았어요 켜버력도 너무 좋은 것 같고 왜 이제 샀는지 기대 이상으로 너무 좋았어요 다크닝 없는 것 같아요
2026-08-07,A000000164470,63672520,2026.08.03,4,0,NORMAL,바질 앤 베티버 리프레싱,,,,0,720.0,1,0,iiiis,세정력도 적당히 좋고 원래 쓰는 메인 샴푸와 번갈아 가며 쓰는데요! 쿨링감이 셉니다.. 마니.. 저는 쿨링 없는 샴푸릉 써서 더 크게 느껴지는 걸 수도 있는데 진짜 두피가 화해서 샴푸 오래 못두는..? 상황이 발생 했어요ㅜㅜ 원래 쿨링샴푸 많이 쓰시는 분들은 만족감이 클 듯 합니닷!!
2026-08-07,A000000164470,63273834,2026.07.25,5,0,NORMAL,블랙티앤피그 샴푸 기획,,,,0,180.0,1,0,두비샤바두바,향이 정말 고급스럽고 은은하게 오래 지속돼서 만족스럽습니다. 블랙티와 피그 향이 부담스럽지 않고 차분한 느낌이라 매일 사용하기 좋았어요. 세정력도 깔끔한 편인데 사용 후 두피가 당기지 않고 모발도 부드럽게 느껴졌습니다. 300ml에 100ml 추가 구성이라 가성비도 좋아 재구매 의사가 있습니다.
2026-08-07,A000000164470,63722484,2026.08.04,5,1,OFFLINE,샌달우드 인텐시브  샴푸 기획,A02,,"C01,C05",0,72.0,0,1,퀸동쥬,최소 3년은 넘게 쓰고있는 야르템이긔🥰 트러블도 안 나고 두피도 너무 빡빡하게 안 씻기긔
2026-08-07,A000000164470,63614519,2026.08.02,5,0,NORMAL,샌달우드 인텐시브  샴푸 기획,A02,B03,"C02,C03",0,72.0,0,1,SSyuunii,거품도 잘나고 향도조코 머리도보들해지고 뽀송해지고 남친도조아해
2026-08-07,A000000164470,63201936,2026.07.23,5,0,NORMAL,샌달우드 인텐시브  샴푸 기획,,,,0,66.0,1,0,jisu75****,"향 너무 좋고 지속력 엄청 좋아요
은은하게 향을 맡은 제가 너무 기분이 좋네요"
2026-08-07,A000000255585,63874739,2026.08.07,5,0,NORMAL,[망곰기획]60매+60매+망곰파우치,A02,B03,"C01,C02",0,1800.0,1,1,리리578,"🔸사용후기 : 유명템인 스킨푸드 패드를 뒤늦게 입문하고 벌써 세번째 구입입니다. 

일단 패드의 사이즈가 커서 아주 만족스러웠어요. 저는 원래 필리밀리 2겹 화장솜은 통에 넣고 스킨을 왕창 부어서 사용했거든요. 그래서 그 두겹을 양볼과 또 두겹을 떼어 이마와 코 턱에 올려 아침마다 패드팩을 해주고 메이크업을 시작합니다. 

당근패드도 시이즈가 크고 또 겹으로 되어 있어 찢어서 똑같이 양볼, 이마, 코, 턱에 올릴 수 있어서 건조한 제 피부에 아침마다 수분을 꽉 채워주는 느낌이였어요. 

건성인 저는 아침에 패드팩을 하느냐마느냐에 따라 메이크업 상태유지가 엄청난 차이를 보이기 때문에 필수이기에 패드가 작거나 수분충전없이 다른 기능을 담은 패드는 별로 잘 맞지 않았기에 패드를 잘 바꾸거나 도전하는 걸 몇년간 하지 않고 만들어서만 사용하다가, 최근에 유명하고 좋다고 사다놓은 패드들을 유통기한 지나기 전에 팍팍 쓰자하고 사용하기 시작했는데, 그중 사본 스킨패드중에는 당근패드가 가장 만족스럽네요. 유명템 중에도 맘에 드는 게 있다뉘~~만족합니다^^ 재구매각."
2026-08-07,A000000238816,63836248,2026.08.06,5,0,NORMAL,[포켓몬에디션]선스틱 (+꼬부기 파우치),,,,0,1512.0,1,0,QueenLin,많이 발라도 산뜻하고 땀을 많이 흘려서 눈에 들어가도 괜찮아요 굿
2026-08-07,A000000138671,63837683,2026.08.06,5,0,NORMAL,[2개입] 08 토프베이지,,,,0,1200.0,1,0,Woohut,"눈화장 멀멀하게 할때 매치하기 좋은 컬러감이에요~
얇아서 디테일하게 그리기 쉽고 발색이 진하지 않아서 진한 눈썹에 오버하지 않고 그릴 수 있어서 좋아요~
심이 얇다보니 조심해서 써야하는 단점이 있지만 이제는 익숙해서 그리기에 편안해요
색상도 다양해서 헤어 컬러 조금씩 바꿀때 찾아 쓰기 좋습니다. 추천합니다."
2026-08-07,A000000246261,62554636,2026.07.09,4,0,NORMAL, ,A03,B02,"C01,C11",1,396.0,1,0,어피치콜,"진정용으로 좋다고 하길래 구매를
했는데 떼어내고나면 살짝 끈적임이
있네요ㅜ
저는 팩후에 끈적임이 있는게 싫어서
다시 세수를 합니다
그래서 재구매는 안할듯합니다"
2026-08-07,A000000246261,62476249,2026.07.07,5,0,NORMAL, ,,,,0,198.0,1,0,카페라떼12,쟁여쟁여 진정마스크팩 쟁여템 다들 사셔라.. 매우 순하고 부드러워요
2026-08-07,A000000246261,62315059,2026.07.04,5,0,NORMAL, ,A03,B05,"C06,C08",0,165.0,1,0,으라차차쿵야,올리브영에서 구매하는게 좀 저렴하게 치는 편이라서 바로 주문했음
2026-08-07,A000000246261,63785401,2026.08.05,5,0,NORMAL, ,,,,0,120.0,1,0,bt****,"봉투를 열자마자 느껴지는 비건 인증 초밀착 젤 시트가 인상적이었습니다. 얇고 보들보들한 감촉으로 얼굴 굴곡에 들뜸 없이 착 감기며, 에센스를 듬뿍 머금고 있어 팩을 붙이는 동안 쉽게 마르지 않습니다. 붙이자마자 자극 없는 편안한 쿨링감이 전달되어 자극받은 피부열감을 빠르게 가라앉혀 줍니다."
2026-08-07,A000000246261,63303247,2026.07.26,5,0,NORMAL, ,,,,0,66.0,1,0,las****,"얼굴 진정시켜야 할 때 손이 가는 마스크팩입니다
다만 토리든 팩은 저렴이가 아니라 살짝 아껴가며 쓰고 있어요😅 시트는 살짝 도톰하고 쿨링감도 있어서 좋습니다"
2026-08-07,A000000246261,63028317,2026.07.19,5,0,NORMAL, ,,,,0,44.0,1,0,dnw****,트러블 날때 진정효과가 정말 좋아요 세럼도 많이 들어있어서 마를 걱정없이 사용하기 좋아요
2026-08-07,A000000246261,61517695,2026.06.16,5,0,NORMAL, ,,,,0,30.0,0,1,Hiennie,피부 진정을 위해 구매한 마스크팩입니다. 시트가 부드럽고 얼굴에 밀착이 잘 되어 사용하기 편했어요. 에센스 양도 충분해서 팩을 하는 동안 촉촉함을 느낄 수 있었습니다. 사용 후 피부가 한결 진정되고 건조함이 줄어든 느낌이 들어 만족스러웠어요. 특히 피부가 예민하거나 붉어졌을 때 사용하면 좋을 것 같습니다. 아직 사용 횟수가 많지 않아 장기적인 효과는 더 지켜봐야 하지만 첫인상은 매우 좋습니다. 한 달 동안 꾸준히 사용해보고 피부 변화에 대한 후기를 추가로 남기겠습니다.
2026-08-07,A000000246261,63398455,2026.07.28,5,0,NORMAL, ,,,,0,27.0,0,0,누룽고양이,토리든 수분 라인은 안 맞는데 이건 민감성 피분데도 데일리 진정팩으로 쓰기 너무 좋아여
2026-08-07,A000000246261,62672516,2026.07.11,5,0,NORMAL, ,A03,B06,"C04,C06",0,24.0,0,0,울랄리리,쟁여두고 쓰고 진짜 쌉무난최고무난템 그리고 진정도 잘되구
2026-08-07,A000000246261,62312965,2026.07.04,5,0,NORMAL, ,A02,B01,"C01,C02",0,18.0,0,0,zzam79,건성피부와 예민한 피부에 자극적이지 않고 쓸수 있어 좋아요
2026-08-07,A000000246261,62052536,2026.06.29,5,1,OFFLINE, ,A03,B02,"C01,C05",0,15.0,0,0,옴냠묨,생리전 피부가 너무너무 민감해져서 이거 사고 세수하자마자 이거 붙여줬습니다 시간이 지나서인지 이거때문인지 몰라도 진정은 되더군요
2026-08-07,A000000246261,61173844,2026.06.08,5,0,NORMAL, ,A06,B01,,0,15.0,0,0,arbolsol****,제가 토리든 이 진정라인이 잘맞나봐요. 크림도 너무 만족스럽게 몇통을 비웠는데 팩도 너무 하고 안하고 차이가 크네요. 집에 마스크팩이 많은데 하고 나서도 체감되는 팩은 사실 몇 개 없거덩요… 이 제품은 하고 나면 피부가 진정되기도 하고 다음 날 아침에 푸석하던 피부가 좀 부들부들 해진 것도 느껴져서  이번 세일 기간에 대용량으로 구매해봤습니다!!
2026-08-07,A000000246261,63527003,2026.07.31,5,0,NORMAL, ,,,,0,12.0,0,1,졍윤오,촉촉하고 진정도 잘 되서 계속 재구매해서 너무 잘 사용하고있는 제품이에요
2026-08-07,A000000246261,63526894,2026.07.31,5,0,NORMAL, ,,,,0,12.0,0,0,졍윤오,촉촉하고 진정도 잘 되서 계속 재구매해서 너무 잘 사용하고있는 제품이에요
2026-08-07,A000000246261,62922744,2026.07.17,5,0,NORMAL, ,,,,0,12.0,0,1,Hiennie,피부 진정 효과가 좋아서 피부가 예민할 때 사용하기 좋았습니다. 사용 후 촉촉하고 붉은기가 조금 줄어든 느낌이에요.
2026-08-07,A000000246261,61808228,2026.06.23,5,0,NORMAL, ,A02,B04,"C01,C05",0,12.0,0,0,투슬리스히컵,"순하고 깔꼼하고 세일하면 가격도 나쁘지않아여
세일 안 하면 안 살듯!"
2026-08-07,A000000246261,61200821,2026.06.09,5,0,NORMAL, ,A04,B06,"C01,C02",0,12.0,0,0,하느,진정효과가이ㅛ아용 ㅠㅜ 좋아요 !! 잘사뇽중이네용 ㅠㅠ
2026-08-07,A000000246261,59957208,2026.01.19,5,1,OFFLINE, ,,,,0,12.0,0,0,kjseo81,한 달이상 꾸준히 사용하니까  피부 진정이 어느 정도 개선 되었어요.
2026-08-07,A000000246261,62138722,2026.07.01,5,0,NORMAL, ,,,,0,10.0,0,1,sean****,"환절기에 피부가 예민해지고 뒤집어지는 날 붙였는데, 붙이고 있는 동안 화끈거림 없이 시원하고 편안한 느낌이었어요. 뗀 후에는 붉은기가 눈에 띄게 가라앉고 피부가 진정된 게 느껴졌습니다. 유분기 있는 부위도 끈적이지 않고 산뜻하게 마무리돼서 지성 피부인 저한테도 잘 맞았어요. 20매라 트러블 잦은 시기에 넉넉하게 쓸 수 있어서 좋습니다"
2026-08-07,A000000246261,62138677,2026.07.01,5,0,NORMAL, ,,,,0,10.0,0,1,sean****,"환절기에 피부가 예민해지고 뒤집어지는 날 붙였는데, 붙이고 있는 동안 화끈거림 없이 시원하고 편안한 느낌이었어요. 뗀 후에는 붉은기가 눈에 띄게 가라앉고 피부가 진정된 게 느껴졌습니다. 유분기 있는 부위도 끈적이지 않고 산뜻하게 마무리돼서 지성 피부인 저한테도 잘 맞았어요. 20매라 트러블 잦은 시기에 넉넉하게 쓸 수 있어서 좋습니다"
2026-08-07,A000000246261,57489470,2026.03.26,5,0,NORMAL, ,A03,B02,"C01,C11",5,9.9,1,0,어피치콜,"마스크팩을 잘하지는 않는데 오특으로
저렴하게 판매를 하길래 구매를 했어요
날씨가 더워지면 진정용으로 좋을듯해서ㅎ"
2026-08-07,A000000246261,57466340,2026.03.25,5,0,NORMAL, ,,,,0,9.9,1,0,카페라떼12,시트 자체가 엄청 보드라와요.. 자극 전혀 없고 이거하고나면 진정된 느낌이라 애용합니둉..
2026-08-07,A000000246261,61766127,2026.06.22,5,1,OFFLINE, ,A03,B04,"C05,C06",0,9.0,0,0,kbh6****,진정에 탁월합니다 아주 좋아요 만족하면서 사용중이에요!
2026-08-07,A000000246261,61313252,2026.06.11,5,0,NORMAL, ,,,,0,9.0,0,0,누룽고양이,데일리 진정팩으로 잘 사용하고 있는 팩이에여 너무 자극적이지도 않고 진정잘됨
2026-08-07,A000000246261,56648979,2026.03.07,5,1,OFFLINE, ,A03,B01,"C01,C04",0,9.0,1,0,덤보누나,"피부가 뒤집어질 것 같을 때 사용했는데 진정되는 느낌이 있어서 좋았어요. 에센스 양도 넉넉하고 시트도 얇아서 밀착력이 좋습니다. 팩 떼고 나면 피부가 촉촉하고 붉은기가 조금 가라앉는 느낌이라 트러블 올라오기 전에 사용하기 좋을 것 같아요.
역시 믿고 쓰는 토리든입니다."
2026-08-07,A000000246261,60825379,2026.06.04,5,0,NORMAL, ,A03,B05,"C06,C08",0,8.25,1,0,으라차차쿵야,올영세일ㅇ할때 팍팍 쟁여뒀음!! 아주 굿뜨굿뜨. 잘 샀다!
2026-08-07,A000000246261,63811462,2026.08.06,5,0,NORMAL, ,,,,0,8.0,0,0,anas****,"진정팩인데 10개 대용량이라 구매했어요. 가격도 좋고, 촉촉해요"
2026-08-07,A000000246261,63685492,2026.08.03,5,0,NORMAL, ,,,,0,8.0,0,0,ms****,예민하고 건성인 제 피부를 여름에 살려준 아이템 ㅎㅎ 냉장고에 보관하고 밤에 샤워한 뒤 얼굴에 얹어주면 극락입니다 ㅎㅎ 다음날 진정도 잘되요
2026-08-07,A000000246261,57497241,2026.03.26,5,0,NORMAL, ,A01,B04,"C01,C05",0,6.6,1,0,쏘보라,트러블 날때 진정용으로 좋을거 같아요!! 토리든 애정합니다.
2026-08-07,A000000246261,63166116,2026.07.23,5,1,OFFLINE, ,,,,0,6.0,0,0,2919632****,제가 생각했을때 마스크 팩중엔 얘가 1위인것같아요 다른거 다 써보봤는대 애가 제일 조움
2026-08-07,A000000156230,63881908,2026.08.07,5,0,NORMAL, ,A06,B01,"C05,C08",0,792.0,1,1,하물며,매번 구매 합니다. 이만한 보습 이 없는 것 같아요. 사만원 이상 구매 실버가방 갖고 싶었는데 아쉽네요.
2026-08-07,A000000156230,63877551,2026.08.07,5,1,OFFLINE, ,A01,B05,C06,0,528.0,1,0,루루7,발림성도 부드럽고 피부에 부담 없이 잘 흡수되는 느낌이라 아침저녁으로 꾸준히 사용하기 괜찮았어요.
2026-08-07,A000000156230,63807737,2026.08.06,4,1,OFFLINE, ,,,,0,240.0,0,0,하하하시,"일단   제형 자체가  유분이 있는 편이라 심한 지성이라면 비추 드립니다 저는 복합성이라  조금씩 레이어드 하면서 발랐더니 보습진정에 도움 됬습니다 건성이시라면 강추 드립니다 
하지만 복합성이시라면 화장하기전에 바르시는건 비추고 나이트케어나 쌩얼로 나가시는날 바르는거 추천 드립니다"
2026-08-07,A000000200646,63845123,2026.08.07,5,0,NORMAL,25ml+리필25ml,A03,B03,,0,1800.0,1,0,진짜솔직하게씀,"확실히 이건 매일 사용하는 데일리한 진정용 세럼보다는 여드름이 올라오기 직전이나 붉은 아픈 여드름이 올라왔을 때 사용하면 효과적이에요.

여드름이 심하지 않는데 미리 예방 차원에서 발라주는 건 정말 비추천해요. 피부가 얇거나 예민하면 오히려 뒤집어질 수 있어요.
대신 여드름이 올라오기 직전에 피지가 막히는 게 보일 때 그럴 때 사용하면 정말 좋아요.

데일리하게 진정 차원에서 사용하는 앰플을 찾는다면 ㅅㅋ1004 센텔리카/ ㅁㄷㅎ 를 더 추천합니다."
2026-08-07,A000000211936,63761878,2026.08.05,5,0,NORMAL,[스파츌라 기획] 21 쿨 라이트,A06,B06,,1,900.0,0,0,얼렁뚱땅양뚱땅,"이거 진짜... 살까 말까 고민하다가 샀는데 넘 좋아요..
진짜 가볍게 발리고, 피부결이 좋아보여요.

다만 후기에 모공 커버가 잘 안된다는 내용이 있었는데, 일반 퍼프로 바르면 모공 부분이 잘 커버되지는 않더라구요.

그래서 저는 모공 부위에 컬러 코렉터나 프라이머 한번 깔아준 뒤에 스페출라로 한번 펴바르고 쫀쫀한 퍼프로 두드리는데 그럼 매끈한 피부 완성돼요!

아침에 화장하면 오후까지 기름만 좀 올라오는데 지인짜 예쁘게 무너지고 넘 만족해요. 지금처럼 한여름에도 끄떡없고 사계절 내내 잘 쓸거 같아요!"
2026-08-07,A000000205979,62075743,2026.06.30,5,0,NORMAL,5번 필름팩 1매,A04,B01,"C01,C02",23,3330.0,1,0,솔직리뷰주의,"[하루 마감하고 침대에서 팩 올려두면 진짜 힐링이 가득하다용ㅠㅠ 수분감이 촉촉해서 안색이 아주 대박이에용 🍋 넘버즈인 5번 마스크팩 방구석 정착 완료!]

​저 요즘 항암 중이라 피부가 유독 푸석하고 생기를 잃기 쉬워서 소소하게 팩 붙이는 재미에 푹 빠졌잖아용 ㅠㅠ 🛁✨ 
원래 영양 성분이 과하고 인위적으로 무거운 팩들은 밤에 붙이고 나면 피부가 답답해서 중간에 떼어버리곤 했거든용..
 
근데 넘버즈인 5번 마스크팩은 한 장 올리자마자 깔끔하고 개운한 비타민 수분막에 반해서 매일 쓰고 있어용!! 😭 글루타치온 고유의 순하고 깊은 청량함이 진짜 기가 막혀용 훌륭하다능~ 👍

​평일에 지친 몸을 이끌고 조용한 방에서 최애 영상 보면서 얼굴에 찹 붙여두면, 풍부한 수분감 덕분에 기분 전환이 아주 확실하게 된다용!! 😍 에센스가 겉돌지 않고 비타민을 가득 머금은 부드러운 패드가 착 달라붙어서 피부 밀착력이 아주 쩐다용 최고! 🥳

​다 하고 나서 가볍게 두드려 흡수시켜 주면 푸석했던 결이 정돈되고 맑아져서 투명 피부 만들기에 완전 찰떡궁합이에용 🥰 
끈적임 없이 산뜻하게 마무리되니까 밤에 잠들기 전 홈케어 메이트로 아주 기특한 제품이랍니당 🍯✨


​💡 비주얼이랑 피부 컨디션 다 잡는 나만의 대박 꿀팁!
평일 밤에 스킨케어 할 때, 이 5번 마스크팩을 가만히 올려두었다가 떼어내기 직전에 패드를 부드럽게 밀착시켜서 결 방향대로 슥 닦아내 보세용 🌿

맑은 글루타치온 성분과 매끄러운 결 케어가 이중으로 채워지면서 다음 날 아침까지 대박 행복해지는 피부 상태가 완성된다용! 
자극 없이 확실하게 환해지는 진정 템 찾으시면 이번에 꼭 장바구니에 담아보셔요오!! 💌✈️"
2026-08-07,A000000233171,63798736,2026.08.06,5,0,NORMAL,[리퀴드블러시 증정] 21N 아이보리,A03,B05,"C01,C02",1,2520.0,1,0,뚜뚠뚜뚠이,"금방 질려해서 쿠션 자주 바꿔가면서 쓰는 편인데 
이건 진짜 마음에 들었어요 
잡티나 모공이 자연스럽게 가려지는 느낌이고 
그렇다고 두껍게 뜨지 않아서 자연스러워요 
21N 아이보리 톤이 저한테 딱 맞아서 
얼굴이랑 목 경계도 안생기고 톤 착붙 
지속력도 생각보다 오래가서 
오후까지 크게 무너지지 않았어요 
게다가 이번에 쿠션 리필이랑 리퀴드 블러시까지 
같이 와서 완전 알차게 잘 쓰는중 
블러시도 데일리로 쓰기 좋더라고요 
기획이 품절되기전에 하나더 쟁여둘까 싶어요"
2026-08-07,A000000186409,63870854,2026.08.07,5,0,NORMAL,기획(150ml + 50ml),A03,B03,"C03,C07",0,1512.0,1,0,빠르밍,"여드름이 많아서 꾸준히 쓰고 있어요.
세정력이 좋고 트러블이 많이 줄었어요.
세일할때 재구매 했어요."
2026-08-07,A000000186409,63760976,2026.08.05,5,0,NORMAL,기획(150ml + 50ml),A03,B03,"C03,C07",0,1512.0,1,1,빠르밍,"트러블 있는 지성피부가 쓰기 좋을것 같아요.
거품도 잘 나고 세정력이 좋아요.
향이 좀 호불호가 갈릴것 같아요.
피부 장벽이 약하시면 주2회 쓰는게 좋을것 같아요."
2026-08-07,A000000186409,63750367,2026.08.05,5,0,NORMAL,기획(150ml + 50ml),,,,0,1008.0,1,1,힐링이최고야,"온가족 폼클인데 
저번에 조카들이 집에와서 쓰고 너무좋다고 쓰던걸 가져가서 
하나사주려고 샀어요 
중고등학생들 한테 특히 좋은 폼클이예요
안따가워서 넘 좋고 뽀득뽀득해진대요 
조카한테도 인정받은 폼클 한집더 전도했습니다 ㅎㅎ"
2026-08-07,A000000186409,63784372,2026.08.05,5,0,NORMAL,기획(150ml + 50ml),A01,,"C01,C02",0,900.0,1,1,pretty2859,"피지랑 여드름, 개기름에는 무조건 이 폼클렌징 추천해요. 순한데 자극 없이 세안돼요. 거품이 풍성해서 피부는 촉촉하고 각질제거도 효과도 있어서 좋아요. 기획상품으로 저렴하게 구매해서 여행용으로 50ml 챙겨다니기에도 너무 좋아요. 여드름 나기 시작한 사춘기 딸도 모공넓은 아빠도 최애 폼클렌징이에요."
2026-08-07,A000000186409,63872691,2026.08.07,5,0,NORMAL,기획(150ml + 50ml),A01,B04,,0,660.0,1,1,떠은히메,세안 후에도 피부가 당기지 않고 촉촉함이 남아있어 좋아요. 예민해진 피부도 금방 진정되는 게 느껴집니다. 세정력과 진정 효과를 동시에 잡은 제품이라 앞으로 계속 재구매할 예정이에요.
2026-08-07,A000000253592,63430376,2026.07.29,5,0,NORMAL, ,A04,B01,"C01,C03",4,3294.0,1,0,피이비이,"저녁마다 꾸준히 발랐는데 피부가 뭔가 맑아 보이는 느낌이었어요. 촉촉하게 흡수되면서 끈적임이 적고, 피부결도 매끈하게 정돈돼 데일리 크림으로 잘 사용하고 있습니다."
2026-08-07,A000000253592,63418863,2026.07.28,5,0,NORMAL, ,A02,B03,"C01,C02",4,2754.0,1,0,운동치료실공주,"21900원 구매
물건 하나만 주문하면 당일배송도 종종 오던데 얘는 다다음날인가 받았던 것 같아요~ 오늘 여러개 주뭉했는데 당일에 바로 온 거 보고 이건 인기가 많아서 그랬나
보습 좋아요"
2026-08-07,A000000213569,63882680,2026.08.07,5,0,NORMAL,노글루 뮤즈 라이트,A03,B01,"C07,C09",0,1512.0,1,1,Docke31,"뮤즈 없으면 외출하지 못하는 여성,,
이번달에 할인 들어가길래 또 쟁여뒀어요 ㅎㅎ"
2026-08-07,A000000239680,63698158,2026.08.04,5,0,NORMAL,[올영픽] 샴푸 500ml+여행용50ml,A01,B02,,4,3900.0,1,0,lifiilil,프롬랩스 청담샵 클리닉 제품으로 너무너무 유명해서 사용해보고 싶었는데 구매해봤어요! 최근 염색으로 많이 상하기도 했고 여름에 두피 자극도 많이 받고 모발이 힘도 없고 부시시해져서 감당 안되더라구요. 국내최초 적용 모발 흡착 고단백질 삼푸라 혹여나 거품이 안날까 했는데 투명한 색이고 거품도 잘 나는 편 입니다. 많이 무겁지 않아서 트리트먼트까지 해도 산뜻한 편이에요. 극손상모이신 분들 아시지만 뭘 써도 씻어내고 나면 그대로라 느낄 때가 많은데 프롬랩스 제품은 달랐어요. 쓸수록 모발에 힘이 생기고 잃었던 윤기가 많이 돌아왔어요. 100시간 지속 핑크파우더도 같이 쓰면 좋대서 구매하려구요!
2026-08-07,A000000239680,63247052,2026.07.25,5,0,NORMAL, 샴푸 500ml,A01,B05,"C04,C05",6,3834.0,1,1,멸종위기사랑,"거품도 잘생기고 여름에 급하게 샴푸할때도 사용감 좋고
두피 냄새도 안나고 머릿결도 좋어지는 느낌 부들부들해요
두피 민감한것도 없어요 가격만 괜찮으면 계속 쓰고싶어요

13000원일때 8개 구매했어요"
2026-08-07,A000000239680,63732040,2026.08.04,5,0,NORMAL,[올영픽] 샴푸 500ml+여행용50ml,A01,,"C01,C05",4,3120.0,1,0,장토이,푸석푸석하고 머리카락 끝이 많이 갈라져서 고민이었는데 샴푸만으로 손상모 개선이라뇨? 안 써볼 이유가 없었어요. 머리카락 길이가 허리까지 와서 두 번 펌프했는데 한 번만 해도 될 것 같아요. 거품이 저렇게 많이 생길 줄 몰랐어요. 린스 무조건 써야 하는데 만져보니 안해도 될 것 같아서 안했는데 진짜 놀랬어요. 드라이로 말려도 은은하게 꽃향기가 계속 나고 부시시한 머리카락은 어디가고 세상 차분하고 머리결이 부드러워졌어요.빗질이 이렇게 수월한 작업이었나? 내 머리카락이 이럴 수도 있나 싶어서 계속 손이 가네요. 다음엔 샴푸하면서 두피마사지를 해야겠어요.
2026-08-07,A000000239680,63614824,2026.08.02,5,0,NORMAL,[올영픽] 샴푸 500ml+여행용50ml,,,,3,2640.0,1,0,강서빵,"요즘 엄청 핫한 프롬랩스 단백질 흡착 샴푸! 요 노란 패키징만 봐도 가슴이 쿵덕쿵덕 하는데요, 샴푸 다 떨어져서 바로 주문해봄!! 청담샵 클리닉 제품으로도 유명한 샴푸랍니당 100시간 지속되는 고단백 샴푸라 극손상모에도 사용하기 너무 좋아요! 저는 샴푸할때 거품이 많이 나는걸 좋아하는데 프롬랩스 단백질 흡착 샴푸는 부드럽게 거품이 풍성하게 나서 샴푸하기 너무 좋더라구요! 향도 세지않고 은은해서 너무 맘에듭니다 세정력도 좋고 샴푸후에 머릿결도 부드러워서 강추해요 이제품은 계속 쟁일 것 같네요~! ㅎㅎ"
2026-08-07,A000000239680,62861922,2026.07.16,5,0,NORMAL, 샴푸 500ml,A01,B05,"C04,C05",6,2556.0,1,0,멸종위기사랑,"거품도 잘생기고 여름에 급하게 샴푸할때도 사용감 좋고
두피 냄새도 안나고 머릿결도 좋어지는 느낌 부들부들해요
두피 민감한것도 없어요 가격만 괜찮으면 계속 쓰고싶어요"
2026-08-07,A000000239680,63772044,2026.08.05,5,0,NORMAL,[올영픽] 샴푸 500ml+여행용50ml,,,,4,2340.0,1,0,떠또,샴푸만으로 손상모 개선이 돼서 꾸준히 구매해서 사용하고 있어요! 단백질 캡슐로 모발에 흡착된다고 해서 기대했는데 향 좋고 떡짐 없이 깔끔해서 좋아요ㅎㅎ 두피 피지 분비도 조절되는 거 같고 향은 은은한 꽃향기로 과하지않게 좋고 트린트먼트도 똑같은 브랜드로 쓰고있는데 더 차분하게 정돈되고 머리가 잘 빗겨서 덜 빠져서 너무 만족스럽네용 임신중인데도 사용하기좋아용
2026-08-07,A000000239680,63750167,2026.08.05,5,0,NORMAL,[올영픽] 샴푸 500ml+여행용50ml,,,,4,2340.0,1,0,서요잉96,"염색이랑 드라이를 자주 해서 머릿결이 많이 상했는데, 이 샴푸 쓰고 나니까 머릿결이 한결 부드러워진 느낌이었어요! 😊
고단백 케어라 그런지 푸석했던 모발이 조금씩 차분해지는 게 마음에 들더라고요.
청담샵 클리닉에서도 사용하는 제품이라 더 믿음이 갔고, 극손상모 관리용으로 꾸준히 써보고 싶었어요.
손상모 때문에 고민이라면 데일리 케어용으로 한 번 사용해볼 만한 샴푸인 것 같아요!"
2026-08-07,A000000239680,63734658,2026.08.04,5,0,NORMAL,[올영픽] 샴푸 500ml+여행용50ml,,,,4,2340.0,1,0,북기후,"프롬랩스 진심녀,, 등장했슴다 작년부터 프롬랩스 샴푸랑 트리트먼트 쭉 쓰고있구요 ㅋㅋㅋ 트리트먼트 너무 좋아서 샴푸도 사보고.. 샴푸도 써보니까 좋아서 두가지 쭉 정착중이에요 ㅠ 미니어처 기획세트라니 안살수 없잖슴 .. 가끔 시간에 쫓겨서 샴푸만 하는 날에도 머리 진짜 잘 빗기고 차분하게 정돈돼요!!! 그게 너무좋아..✨ 향도 좋고 떡짐없이 깔끔해요! 앞으로도 기획세트 많이 내주세요 💛"
2026-08-07,A000000239680,62718649,2026.07.12,5,0,NORMAL, 샴푸 500ml,A03,B03,"C05,C07",6,2130.0,1,0,원쑹이,"진짜 좋아요 제발 쓰세요 고데기, 펌, 염색, 탈색 등 손상모나 극손상모분들 한번만 써보시면 알거임 탈색모라 샴푸질 뻣뻣해서 잘 안되는데 이건 안 그래요ㅠ 거품도 항상 많이 나고 냄새도 좋음"
2026-08-07,A000000239680,63629759,2026.08.02,5,0,NORMAL,[올영픽] 샴푸 500ml+여행용50ml,,,,3,1980.0,1,0,스칼렛다다다,"💛 프롬랩스 프로틴 캡슐 헤어 리페어 샴푸 후기
요즘 손상모 때문에 고민하다가 &#039;1회 만에 손상모 개선&#039; 문구 보고 사용해 본 프롬랩스 단백질 샴푸!
 청담샵 PICK 샴푸: 청담동 헤어샵에서도 사용하는 제품이라 그런지 확실히 사용 후 모발이 훨씬 부드럽고 힘이 생기는 느낌이에요.
 단백질 캡슐 케어: 3중 스마트 캡슐 기술로 샴푸 하면서 단백질 영양을 모발에 쏙쏙 채워주는 만능 손상모 케어템!
 구성도 알참: 본품(500ml)에 귀여운 50ml 미니 사이즈 추가 증정이라 여행 갈 때 챙겨가기도 딱 좋아요 💛
손상모 때문에 고민이거나 홈케어로 부드러운 머릿결 만들고 싶으신 분들께 데일리 샴푸로 추천합니다! ✨"
2026-08-07,A000000239680,63101570,2026.07.21,5,0,NORMAL, 샴푸 500ml,,,,6,1800.0,1,0,니니임미다,"💇🏻‍♀️저는 7개월 사이에 탈색 2번 염색 총 4번을 한 탈색모이자 손상모.. 곱슬모 숱이 많은 머리를 지니고 있는 사람입니다.

트리트먼트나 헤어팩을 하지 않으면 머리를 푸르는 게 불가능하고 머리가 붕붕 떠서 유명한 케어 제품을 많이 사용해봤습니다!!! 피노 바이오레시피 모두 사용해봤고 프롭랩스를 포함해 세 제품 모두 만족스러웠지만 그 중에서도 프롭랩스가 가장 묵직한 제형이였고 건조한 제 머리가 가장 부드러워지는 듯한 효과를 느껴 샴푸까지 구매하게 되었습니다.⭐️평소 거품이 잘 나지 않아 애벌샴푸를 자주 했었는데 프롬랩스는 거품도 잘 나는 편입니다. 매우 만족하며 잘 사용하고 있습니다!!!!!!

번외로 트리트먼트나 헤어팩을 사용하기 전 물기를 최대한 짜내고 아래에서 위로 밀듯이 주물하며 바르시면 더 효과가 좋으실 겁니다🤎 다들 머릿결 관리 화이팅!!!"
2026-08-07,A000000239680,63713828,2026.08.04,5,0,NORMAL,[올영픽] 샴푸 500ml+여행용50ml,,,,4,1560.0,1,0,임풀루,"샴푸부터 팩까지 평소에  즐겨써요!!!평소 손상된 머릿결과 두피 관리가 고민이라 만족스럽네요ㅎㅎ!! 샴푸만으로도 손상모가 한결 부드러워지는 느낌이라 만족해요! 😊 노설페이트 샴푸라 자극이 적고, 향도 은은해서 오래 남아요. 사용 후 떡짐 없이 깔끔하게 마무리되고, 부스스한 머리도 차분하게 정돈됩니다. 머리도 훨씬 잘 빗기고 빗을 때 빠지는 머리카락이 줄어든 것 같아요. 손상모 케어용 샴푸 찾는 분들께 추천합니다!"
2026-08-07,A000000239680,63755303,2026.08.05,5,0,NORMAL,[올영픽] 샴푸 500ml+여행용50ml,,,,3,1320.0,1,0,Euphoria1,"프롬랩스 단백질 흡착 샴푸를 직접 구매해서 꾸준히 사용해 본 솔직한 후기를 남깁니다. 평소 잦은 드라이와 시술 때문에 모발 끝이 심하게 손상되고 엉키는 편이라 샴푸를 고를 때 모발 영양 공급과 손상모 개선 효과를 가장 꼼꼼하게 따져보는 편인데, 이 제품은 정말 기대를 훨씬 뛰어넘는 만족감을 주었습니다.
우선 제형을 살펴보면 너무 묽지 않고 영양감이 가득 느껴지는 쫀쫀한 텍스처로 되어 있습니다. 펌핑해서 손에 덜어낼 때부터 은은하고 고급스러운 향이 은은하게 퍼져 머리를 감는 내내 기분이 좋아집니다. 설페이트계 계면활성제가 들어있지 않은 노설페이트 샴푸임에도 불구하고, 물을 살짝 묻혀 문지르면 상상 이상으로 풍성하고 조밀한 거품이 촘촘하게 만들어집니다. 이 풍성한 거품 덕분에 두피 구석구석 쌓인 노폐물과 피지를 자극 없이 말끔하게 딥클렌징할 수 있어 세정력 면에서도 큰 합격을 주고 싶습니다.
샴푸 후 머리를 헹궈낼 때부터 확실히 일반 제품과 다른 결이 느껴집니다. 손상모 특유의 뻣뻣함이나 엉킴 없이 미끄러지듯 부드럽게 헹궈져서 놀랐고, 드라이기로 말린 후에는 헤어 클리닉을 받은 것처럼 머릿결이 차분해지면서 탄력과 윤기가 살아나는 것을 눈으로 확인할 수 있었습니다. 특히 이번 기획 구성으로 여행용 50ml까지 추가로 챙겨주어 실용성까지 완벽합니다. 손상된 모발로 고민하시는 분들이라면 꼭 한번 써보시라고 강력하게 추천하고 싶은 인생 샴푸입니다."
2026-08-07,A000000239680,63750256,2026.08.05,5,0,NORMAL,[올영픽] 샴푸 500ml+여행용50ml,,,,4,1300.0,1,0,벼리리리리,"이런 제형의 샴푸는 처음써보는데, 처음 짰을때부터 엄청 쫀쫀한게 느껴지고 소량으로도 머리를 충분히 감을수 있어 너무 좋았습니다. 분명 샴푸를 하고있는건데 트리트먼트하는 것처럼 거품팩을 하고 있는 것 같은 느낌이에요! 저는 귀찮아서 트리트먼트를 못하는 사람인데… 이거 하나로도 머리가 차분해지고 잘 빗겨서 너무너무 좋습니다. 그리고 단백질 샴푸라 머리가 떡지면 어쩌나 걱정했는데 오히려 떡지지는 않는데 머리 끝은 차분해져서 정말 마음에 듭니다… 머리는 원래 큐티클 다 일어나는 머리인데… 감고 트리트먼트 안한 상태입니다! 큐티클 일어난게 안보여서 너무 좋아요 ㅎㅎㅎ 한번에 조금씩만 사용해도 되니 생각보다 더 오래쓸것 같아요! 기획세트일때 구매하세요!"
2026-08-07,A000000239680,63797463,2026.08.06,5,0,NORMAL,[올영픽] 샴푸 500ml+여행용50ml,,,,1,1260.0,1,0,디토끼,"거품 잘나서 세정력도 좋은데, 머리가 잘빗겨서 놀람!
솔직히 세정력 좋으면 빡빡 씻겨나가서 머리가 뻣뻣해지는 일이 다반사인데, 샴푸 헹궈낼 때 손으로 빗질하면서 보니까 너무 잘빗겨서 트리트먼트 안해봄ㅎ 근데도 한것마냥 부들부들 차분머리 돼서 진짜 놀람!!! 향도 괜찮고, 매우 맘에 듦"
2026-08-07,A000000239680,63689203,2026.08.03,5,0,NORMAL,[올영픽] 샴푸 500ml+여행용50ml,,,,1,1260.0,1,0,뇨끼2,"머리가 길고 염색도 자주 하는 편이라 샴푸 하나도 신경 써서 고르는 편인데, 사용감이 정말 만족스러웠어요.
제형은 쫀쫀한 투명 젤 타입이라 적은 양으로도 거품이 풍성하게 나고, 두피까지 개운하게 세정되는 느낌이었어요. 세정력이 좋은데도 사용 후 머릿결이 뻣뻣하지 않고 촉촉해서 트리트먼트를 안 한 날에도 손으로 빗어질 정도였어요.
은은하게 오래 남는 향도 마음에 들었고, 드라이 후에는 머릿결이 차분하면서 윤기가 돌아서 헤어에센스를 따로 바르지 않아도 괜찮더라고요. 손상모나 푸석한 머릿결 때문에 고민인 분들에게 추천하고 싶은 샴푸예요."
2026-08-07,A000000239680,61162420,2026.06.08,5,0,NORMAL, 샴푸 500ml,A05,B03,"C01,C05",5,732.0,1,0,코스메틱이내미래,"트리트먼트, 노워시 트리트먼트 쓰다가 잘 맞아서 이번에 샴푸도 같이 구매 했어용 두피 막는 성분도 없고 향도 너무 좋아요ㅜㅜ"
2026-08-07,A000000239680,63311641,2026.07.26,5,0,NORMAL, 샴푸 500ml,A03,B03,"C07,C09",1,594.0,0,0,올영골드루미즈,향은 트리트먼트 향이랑 똑같은 향이고 모발이 부드러워지는 느낌이 들어서 잘 쓰구잇습니다!
2026-08-07,A000000239680,63633942,2026.08.02,5,1,OFFLINE, 샴푸 500ml,,,,1,540.0,0,0,qkrwjdgus,"작년부터 프롬랩스의 트리트먼트를 꾸준히 사용하고 있어, 후에 출시된 샴푸도 자연스럽게 사용해보게 되었어요. 
투명하고 가벼운 제형에 거품도 잘나고 세정력도 만족스럽고요. 머릿결도 부스스함 없이 매끈해지는걸 느꼈습니다. 
트리트먼트랑 함께 사용하니 두배로 좋네요."
2026-08-07,A000000239680,63697684,2026.08.04,4,0,NORMAL, 샴푸 500ml,,,,0,528.0,1,0,Coward,거품도 그잘 나고 향도 무난하고 다만 양이 좀 적어서 금방 쓰는 거 같아요 통 색깔이 예쁘네요 펌핑도 잘 됩니다
2026-08-07,A000000239680,63734296,2026.08.04,5,0,NORMAL,[올영픽] 샴푸 500ml+여행용50ml,,,,4,520.0,1,0,onl****,최근에 파마를 하면서 머리카락 끝이 갈라지면서 푸석푸석해져서 트리트먼트만으로는 효과가 없어서 고민이었는데 단 1회 사용만으로 손상모 개선이라는 말에 솔깃해져서 사용해봤어요! 적당량으로 샴푸 거품도 풍성하게 생기고 두피도 시원하게 닦이는게 좋아요 육아하면서 두피만 살짝 말리고 2일 지났는데도 가지러움이 없어서 너무 좋네요 👍
2026-08-07,A000000239680,63166111,2026.07.23,5,0,NORMAL, 샴푸 500ml,A01,B04,"C01,C05",0,495.0,1,0,듇듇,냄새는 걍.. 호불호가 갈릴만함ㅇㅇ 트리트먼트 써보고 ㄱㅊ아서 샴푸도 사봣으요
2026-08-07,A000000239680,62549824,2026.07.09,5,0,NORMAL, 샴푸 500ml,A02,B01,"C01,C04",1,330.0,0,0,키티캔디,거품 잘 나고 향도 좋고 무난함 아주 잘 쓰고 있습니다 가격도 저렴해서 굿굿 트리트먼트도 사볼라고용 ㅎㅎ
2026-08-07,A000000239680,63789631,2026.08.06,5,0,NORMAL,[올영픽] 샴푸 500ml+여행용50ml,,,,1,280.0,1,0,illl****,"곱슬머리라 원래 머리가 잘 부스스해지는 편이라 차분하게 관리되는 샴푸를 찾다가 구매했어요. 
사용해보니 샴푸만 했는데도 머릿결이 한결 정돈되는 느낌이라 만족스러웠습니다. 
손상된 머리도 조금 부드럽게 느껴졌고, 헹군 뒤에도 떡지거나 무거운 느낌 없이 깔끔해서 좋았어요.
 머리도 전보다 잘 빗겨서 아침에 손질하기가 훨씬 편했고, 빗을 때 빠지는 머리카락도 조금 줄어든 것 같았습니다. 
향도 상큼하고 은은해서 더운 날 샤워할 때 기분이 좋아지고, 잔향도 부담스럽지 않아 마음에 들었어요. 
사용감이 깔끔하면서 머리를 차분하게 정돈해주는 느낌이라 꾸준히 사용해볼 생각입니다!"
2026-08-07,A000000239680,62494890,2026.07.08,4,0,NORMAL, 샴푸 500ml,A04,B03,,1,264.0,0,0,코스메틱이내미래,"제품들 같이 써주면 시너지 효과가 참 좋아용
머리 떡도 덜 지고 탈색모 구원템"
2026-08-07,A000000239680,61229502,2026.06.09,5,0,NORMAL, 샴푸 500ml,,,,1,252.0,1,0,레몬달봉이,"곱슬머리, 손상모라서 차분함이 필요해서 세트로 써보고 있어요. 요즘 광고로 많이봐서인지 친근해져서 구입"
2026-08-07,A000000239680,63860646,2026.08.07,5,0,NORMAL,[올영픽] 샴푸 500ml+여행용50ml,,,,0,200.0,1,0,dk01****,"이번 올영픽 한정기획으로 구매했는데 대만족입니다! 트리트먼트를 따로 쓰지 않아도 샴푸만으로 손상모 개선이 확실히 느껴져서 신기했어요. 감을 때마다 기분이 힐링될 정도로 향 좋음은 기본이고, 고영양 샴푸인데도 무겁거나 떡짐 없이 깔끔하게 두피까지 세정됩니다.
평소 건조하고 부시시하던 머릿결이 드라이 후에도 차분하게 정돈됨을 매일 느끼고 있어요. 무엇보다 머리카락 엉킴이 사라져서 머리 잘 빗기고 덜 빠짐 효과까지 덤으로 얻은 기분이라 완벽하네요."
2026-08-07,A000000239680,63844514,2026.08.07,5,0,NORMAL,[올영픽] 샴푸 500ml+여행용50ml,,,,0,200.0,1,0,minneso****,"잦은 펌으로 털실 같던 머릿결이 드디어 해결됬어요. 
트린트먼트 없이 샴푸만으로 손상모 개선이 가능해서 바쁜 아침마다 시간 절약을 제대로 하고 있어요.
가장 먼저 반한 건 향이었는데요. 호불호 없이 은은하게 퍼지는 향 좋음은 물론, 하루 종일 머리에서 기분 좋은 잔향이 남습니다. 보통 영양감이 높은 고농축 샴푸는 오후만 되면 머리가 기름지고 가라앉기 마련인데, 이 제품은 떡짐 없이 깔끔하게 두피 유수분을 잡아주더라고요.

말리고 나면 부스스했던 모발이 차분하게 정돈됨을 바로 느낄 수 있어요. 엉킴이 심해 손가락도 안 들어가던 머리였는데, 손짓 한 번에 머리 잘 빗기고 드라이 후 바닥에 덜 빠짐 현상이 눈에 띄게 줄어든 게 가장 좋아요"
2026-08-07,A000000239680,63824846,2026.08.06,5,0,NORMAL,[올영픽] 샴푸 500ml+여행용50ml,,,,0,200.0,1,0,ks****,"거품이 쫀쫀하고 풍성하게 나서 세정할 때 느낌이 정말 좋아요! 두피까지 싹 씻겨 내려가듯 시원하고 개운한데 향도 좋아서 샴푸할 맛이 나네요ㅎㅎ 1회 사용만으로도 손상모가 개선된다더니 진짜인 것 같아요!! 머릿결이 확실히 부드러워진 게 느껴지더라고여~ 바빠서 트리트먼트를 못 한 날에도 머릿결이 걸림 없이 스르륵 잘 빗겨지고, 떡지는것도 없이 깔끔하게 정돈돼서 진짜 신기했어요! 머릿결 개선 효과는 물론 두피 청량감까지 다 잡아서 손상모 케어용으로 딱이에요~!!"
2026-08-07,A000000239680,62321235,2026.07.04,5,0,NORMAL, 샴푸 500ml,,,,5,183.0,1,1,rabbit05****,"지성인데 이 샴푸 잘 사용하고 있어요.
향도 은은하고 머릿결 좋아졌어요."
2026-08-07,A000000255620,63798987,2026.08.06,5,0,NORMAL,[한교동 콜라보] 본품+리필+거울키링,,,,0,1260.0,1,1,핸쮸,"딸아이랑  같이 쓰고있는데 둘다 너무 잘맞아요
촉촉하고 순해요 향도 진하지않고 보습에도 너무 좋아요..끈적임없는 크림이라 더 좋은듯해요"
2026-08-07,A000000255620,63794964,2026.08.06,5,0,NORMAL,본품+리필+겔패드2매입*2EA,A03,B06,"C06,C08",0,1080.0,1,1,냥이가죠앙,"🧡🧡 직접 사용하여 보고 마음에 들었던 점 🧡🧡

 👉🏻👉🏻👉🏻  자극 없이 순해요 

 메디큐브 기초 케어 피디알엔 성분 진짜 기대 이상이네여 미스트 써보고 실망했는데 세럼이랑 크림 진짜 댕좋아여!! 뭔가 영양감 바로 느껴지고 쫜쫜해져요 피부가!! 그리고 핑크라 뭔가 쓸 때마다 기분 좋음ㅋㅋㅎㅎ
재구매 의향 있고 세일 할 때 또 쟁일거임!!"
2026-08-07,A000000262702,63798379,2026.08.06,5,0,NORMAL,[미니손거울 증정] 글레이즈드 도넛,A03,B03,"C01,C11",8,4392.0,0,0,여기야여기,오프라 하라 진짜 좋아하는데 이번에 스틱형이 나왔다고 해서 구매했어용 완전 광력 뿜뿜 생각보다 부드럽게 발려용 글레이즈 도넛은 애교샬 코 하라로 괜춘할 듯 근데 스틱 타입이 편하긴 한데 뭔가 좀 더 지속력 좋고 짱짱한거 파우더 타입인 듯
2026-08-07,A000000262702,63568369,2026.08.01,5,1,OFFLINE,[미니손거울 증정] 페퍼민트,A02,B03,C08,8,2928.0,0,0,케로로한테부조리당함,어우야 눈앞에 콕 찍었는데 펄감 미쳤습니더 알바하다가 못 참고 발랐는데 손님들이 제 얼굴을 못 쳐다보시던데요 너무 빛나서. (ㅈㅅ)
2026-08-07,A000000225217,63689553,2026.08.03,5,0,NORMAL, ,A02,B02,"C02,C09",4,3240.0,1,0,찰떡모찌랑,"더마팩토리가 유효성분 투명하게 다 알려줘서 좋아요! 나이아신아마이드가 미백뿐만 아니라 모공이나 피부결에도 좋아서 날이 더워지면 더더욱 필수템,,,,작년부터 더마팩토리 애용중인데 저렴하게 살 수 있어서 좋아요, 스킨케어 첫단계에 바르고있고 듬뿍듬뿍 바르는데도 자극 하나 없이 가벼운 마무리감이라 만족스러움..쓰다보면 고함량이라 그런가 입구에 하얗게 가루가 남긴 하는데ㅜ처음에는 신경쓰이다가 이젠 그냥 무시하고 씀ㅋㅋㅋ"
2026-08-07,A000000225217,63811168,2026.08.06,5,0,NORMAL, ,A06,B02,"C01,C02",2,1800.0,1,0,올리브먹는먀옹,"수부지 민감성 여드름피부입니다.

👍뚜껑 캡마개 주는거 너무 좋아요!!!!!🥺🥺

👍기분나쁜 향 없어요

👍발림성 몹시 좋음

👍생각 이상으로 더 자극이 없음 (하지만 초반에는 크림과 섞어서 바르는걸 추천)

👍때처럼 밀리지 않아서 아침에 바르기도 좋다

❗️단점 딱히 없음

✅️가성비 나이아신 아마이드 찾는다면 추천"
2026-08-07,A000000202472,63866255,2026.08.07,5,0,NORMAL,[미니 2개 증정기획] 캐로틴 클렌징밤,,,,0,396.0,1,0,hjhhjj,피부 엄청 예민한 편인데 이건 자극도 전혀 없고 피지도 잘 나와서 꾸준히 쓰고 있습니당
2026-08-07,A000000239102,63560059,2026.08.01,5,1,OFFLINE,마데카소사이드 1매,,,,25,12528.0,1,1,위가위가,피부가 건조하거나 화장을 너무 많이 해서 피부가 진정이 필요할 땐 꼬옥 써보세용 🩵
2026-08-07,A000000262621,63735448,2026.08.04,5,0,NORMAL,[미니브러쉬 증정] 베어터치,A03,B02,"C01,C06",3,1860.0,0,0,감자만둥,잔잔한 펄이 있어서 너무 예쁘고 하이라이터 안 써도 광대에 은은한 광 나서 예뻐요. 베어리 잘 썼는데 그거랑 같이쓰니까 더 예쁘네요!
2026-08-07,A000000212061,63800726,2026.08.06,5,0,NORMAL,[기획]150ml+시몽30+샴푸10,A03,B03,"C01,C03",0,792.0,1,0,가루빵,"워터트리트먼드 사면서 사은품으로 받아 써봤는데 정말 좋더라고요. 유명한 데는 다 이유가 있다는... ㅋㅋ 
가격이 비싸서 그렇지 어느 모발이든 다 만족시킬 수 있는 제품이라고 봅니다."
2026-08-07,A000000233470,63854568,2026.08.07,4,0,NORMAL, 레티놀 콜라겐 캡슐 패치 60+60매,A03,B01,C08,0,792.0,1,0,고냠미다,세안 후 붙여두면 수분증발을 막아줘서 촉촉하니 좋습니다 굿쟙 밤에도 사용해요
2026-08-07,A000000233470,63794738,2026.08.06,5,0,NORMAL, 레티놀 콜라겐 캡슐 패치 60+60매,A03,B02,"C01,C02",1,792.0,0,0,드뮤어,겔마스크처럼 붙이면 쫀쫀하게 밀착되서 눈가 피부가 촉촉해지는 느낌이에요 눈가 피부 관리하기 좋아요
2026-08-07,A000000250199,63835164,2026.08.06,5,0,NORMAL,[단품] 레티날 부스터 15ml,,,,0,1512.0,1,0,QueenLin,노란색이라 얼굴에 바르면 완전 노란 얼굴 되지만 영양 통 얼굴 영양 가득해지는 게 보여요
2026-08-07,A000000250199,63819111,2026.08.06,4,0,NORMAL, ,A03,B01,C13,3,1512.0,0,0,귤엉덩이,"아 진짜 이거 미쳤어요. 다음날 효과 바로 보여요ㅠㅠ 노래서 어디 묻는 거 조심해야하지만,, 효과는 도랏어요 동생 나눠준 거 후회중"
2026-08-07,A000000250199,63608951,2026.08.02,5,0,NORMAL, ,A04,B04,"C05,C06",0,792.0,1,0,쿠키토끼,광고에 혹해서 사봤어요. 아직 뚜렷한 변화는 안보이지만꾸준히 사용해보겠습니다
2026-08-07,A000000233027,63591686,2026.08.01,5,0,NORMAL, ,A03,B05,"C04,C05",7,6840.0,1,0,제라라,"매일 드라이기와 고데기를 하다 보니 머릿결 손상이 걱정돼서 열보호에 좋다는 프롬랩스 노워시 트리트먼트 스프레이를 써봤어요!
​가장 만족스러운 건 여러 번 덧뿌려도 전혀 떡지지 않다는 거에요! 가볍게 뿌려주기만 해도 건조하고 부시시한 거 잘 잡아주고, 뿌렸을 때 은은하게 퍼지는 향이 정말 좋아서 기분까지 리프레시 되더라고요ㅎㅎ
분사력은 사진에서 잘 보이지 않을 정도로 고른 안개분사가 시원하게 나와요!
​손에 묻힐 필요 없이 칙칙 뿌려주면 금세 차분하고 윤기 나는 머릿결이 완성돼서 매일 잘 쓰고 있습니다. 간편하고 확실한 헤어케어 제품으로 추천해요!"
2026-08-07,A000000233027,63711240,2026.08.04,5,0,NORMAL, ,A01,B03,"C05,C06",8,5700.0,1,0,서걱,"열보호 된다길래 샀는데 정말 좋아요!!
향도  약간 그로우어스? 장미향 같은거 나서 좋아요 그로우어스는 향이 너무 독해서 그랬는데 은은하고 너무 좋아요 ㅎㅎ
그리고 무엇보다 머리말리고 나면 부시시한 느낌이 사라졌어요… 야르!!!!!!!! 님들도 야르렁한 이 제품 사보세뇨"
2026-08-07,A000000233027,63498707,2026.07.31,5,0,NORMAL, ,A02,B03,"C02,C03",6,5100.0,1,1,쁘이소원카밀리아fan,"지금 3통째 쓰고 있는 프롬랩스 노워시 트리트먼트입니당👍🏻
제가 늘 머리 감고나서 드라이 전에 뿌려주고 머리 말리고 난후에 살짝 뿌려주는편입니다.

원래 다른 뿌리는 노워시들은 뿌릴때 뭉쳐서 잘 안쓰는데, 프롬랩스는 분사력도 뭉치지 않고 깔끔하게 잘 분사됩니다 👍🏻
그리고 뿌리자마자 머리카락 손빗질도 잘 됩니다.✌🏻
머리 말린후에도 머릿결 부들부들해진데다 차분해졌고 매끈찰랑해졌어요.
제가 원래 펌 주로 많이 해서 머릿결이 푸석한데다 반곱슬이 심해서 특히 중앙부분이 부시시했는데 어느정도 차분해졌고 잔머리도 살짝 정돈된 느낌이었어요.🫢
머릿결도 진짜 부드러줬어요!!

80~90프로 드라이 후에 모발 부분에 살짝만 뿌려주면 머릿결이 윤기가 좌르르 나고 차분해졌어요 :)

진짜 프롬랩스 트리트먼트 요물템입니다.🩷🩷🩷
강추강추!! 추천한다면 좋아요 누르고 가세요 :)"
2026-08-07,A000000233027,63137631,2026.07.22,5,0,NORMAL, ,A03,B02,"C06,C09",11,4860.0,1,0,리락쿠마쿠마,염색이나 펌 한 적이 없는데도 고데기랑 드라이기로 모발 손상이 너무 돼서 머리가 항상 개털인 게 너무 스트레스였거든요 요즘에 추천템으로도 많이 뜨고 손상모 분들한테 효과가 엄청 좋다길래 구매해봤어요 뿌리는 트리트먼트라 머리 말리기 전이랑 머리 말리고 나서 뿌려줬어요 확실히 쓰니까 머릿결이 그나마 차분해져서 놀랐습니다 비 오는 날이었는데도 나름 차분하게 정리 돼서 감동적이었어요 다음엔 트리트먼트도 사서 같이 써보려구요 가격대는 좀 비싸지만 효과가 좋아서 추천드려요
2026-08-07,A000000233027,63742528,2026.08.05,5,0,NORMAL, ,,,,7,3276.0,1,0,흰호두,"드라이 전에 뿌려봤는데 떡지지 않음이 가장 마음에 들었음. 가볍게 분사돼서 머리가 무겁거나 끈적이지 않았고, 드라이 후에는 부시시한 거 잡기 좋음. 향 좋음이라 머리 말리고 나서도 은은하게 남는 편이라 만족하면서 사용 중임."
2026-08-07,A000000233027,63797045,2026.08.06,5,0,NORMAL, ,,,,3,1980.0,1,0,2557jis,"이번년도 자외선이 너무 강해서 머릿결이 자꾸 상하는 것 같더라구요ㅠㅠ 열보호되는 트리트먼트가 있다고 하여 구입해보았습니다!
일단 뿌리는 제형이라 혹여나 떡지지 않을까 걱정했는데요, 호다닥 뿌려도 떡지지 않고 부시시한 부분들도 잘 잡아줘서 넘 만족스럽습니다!!
심지어 향도 좋아요..❤️🥹 여름내내 머릿결 보호 위해 꾸준히 사용해보려구용🫶"
2026-08-07,A000000233027,63864114,2026.08.07,5,0,NORMAL, ,,,,0,1260.0,1,0,쏘호,손에 안묻히고 머리 말리기 전에 슥슥 뿌리면 되니 편해요. 햔도 은은한게 좋구요. 무엇보다 제형이 가벼워서 떡지지 않는게 제일 좋아요. 열보호 기능있대서 뜨건 바람으로 머리 말려도 괜찮네요.
2026-08-07,A000000233027,62076644,2026.06.30,5,0,NORMAL, ,A02,B03,"C02,C03",5,975.0,1,0,쁘이소원카밀리아fan,"머리 말리기전에 뿌려주고 외출전에 간단히 손질할때 주로 사용하는 편입니다!!👍🏻
다른 뿌리는 타입 노워시 트리트먼트는 뭉치고 마른머리에 바르면 떡져서 사용 잘 안하는데 유독 이 프롬랩스 노워시 트리트먼트는  뭉치지 않고 골고루 잘 분사됩니다!!👏🏻

원래 제 머리: 9년 유지한 긴머리에 주로 펌 많이 하는 머리 + 부시시 반곱슬 + 푸석푸석 극손상모
얘 샴푸하고 타올드라이 후에 머리 말리기전에 뿌려주면 찰랑찰랑 매끈한 머릿결이 됩니다:)
손빗질도 잘되고 머릿결도 부들부들해졌어요 😙
아침에 외출할때 간단히 손질할때 뿌려주면 머리카락 부시시함도 줄고 차분해졌어요 👍🏻
아 얘는 넘 손이 잘가는 뿌리는 노워시라 당장 또 사야겠어요 🩷🩷"
2026-08-07,A000000233027,61559442,2026.06.17,5,0,NORMAL, ,A03,B01,"C01,C02",5,732.0,1,0,파라파라나춰야지,"헤어 트리트먼트도 여기꺼쓰는데 너무좋아서
노워시 트리트먼트도 삿어요
두개 번갈아가면서 쓰는데 얘한테 손이 더 잘가요!
향도 좋구 머리도 부드러워져용"
2026-08-07,A000000233027,61162348,2026.06.08,5,0,NORMAL, ,A05,B03,"C01,C05",5,732.0,1,1,코스메틱이내미래,"희재웅냐 추천템이라서 믿고 샀는데 탈색모 구원템이에요
진짜 이거 없으면 머리 못 감아요 바로 개털됩니다
향도 너무 좋고 가볍지만 효과는 확실해요
탈색몬데 윤기나고 부드럽다는 말 동기들한테 많이 들었습니다👍🏻👍🏻"
2026-08-07,A000000233027,63628151,2026.08.02,5,0,NORMAL, ,,,,6,680.0,1,0,mija95****,"펌+드라이+고데기로 머리가 엄청 상해서 참다참다 다 잘라버렸는데.... 조금만 미리 알았으면 좋았을 텐데 ㅠㅠ흐규
어쨌든 이번엔 머리 안상하게 미리미리 머릿결 관리하면서 기르고 싶어서 사용중이에용
일단 열+자외선 보호까지 되는 제품이라 여름에 쓰기 딱 좋고요, 이거 쓰면 머리가 잘 안떡지는 느낌이에요!
무엇보다 향이 너무 좋음 ㅜ 은은한 장미향"
2026-08-07,A000000233027,63752414,2026.08.05,5,0,NORMAL, ,,,,6,568.0,1,0,soung****,사용 후 씻을 필요가 없어서 편리한 거 같아요 헤어 트리트먼트 하기 좋아요^^  머릿결이 부드러워져요~~
2026-08-07,A000000233027,63603613,2026.08.02,5,0,NORMAL, ,,,,6,568.0,1,0,ble****,매일뿌려요 부드럽고 빗질해도 좋아요 프롬랩슨 팬이예요 샴푸 트리트먼트 다좋아요
2026-08-07,A000000233027,61452844,2026.06.14,5,0,NORMAL, ,A02,B01,C11,1,378.0,1,0,내말이맞음아무튼,향기는 잘 모르겠고 바르는 트리트먼트보다 빨리 말라서 좋아요! 잘쓸게요
2026-08-07,A000000233027,63049212,2026.07.20,5,0,NORMAL, ,A03,B02,"C01,C04",1,330.0,0,0,볼터치하는고양이,머리에 부담 없이 단백질 공급이 잘 되고 사용 후 부드럽고 윤기 나는 모발 결을 경험할 수 있었습니다.
2026-08-07,A000000233027,62718914,2026.07.12,4,0,NORMAL, ,A03,B03,"C05,C07",0,330.0,1,0,원쑹이,"샴푸도 쓰는데 솔직하게 샴푸가 더 마음에 들어용 노워시 스프레이는 뭔가 아쉬운 느낌? 효과가 확 보이는지 모르겠음
그치만 부드럽고 향도 괜찮음"
2026-08-07,A000000233027,62580325,2026.07.09,5,0,NORMAL, ,,,,1,264.0,0,0,모다피여친,가벼워서 너무 좋아요. 분사력도 나쁘지도 않고 트리트먼트 하기 귀찮은날 가볍게 뿌리기 너무 좋은것 같아요 잘 엉키지도 않아서 강추
2026-08-07,A000000233027,62494954,2026.07.08,5,0,NORMAL, ,A04,B03,,1,264.0,0,1,코스메틱이내미래,"향이 너무너무 제 스타일..
안 뿌린거 처럼 가볍지만 효과는 확실한!! 트리트먼트랑 같이 쓰면 시너지 굿"
2026-08-07,A000000233027,63145500,2026.07.22,5,0,NORMAL, ,,,,4,204.0,1,0,1018eun****,수영 후 거칠어진 머릿결에 손쉽게 뿌리면 되서 간편하고 좋아요  향도 만족합니다
2026-08-07,A000000233027,63866400,2026.08.07,5,0,NORMAL, ,,,,0,200.0,1,0,92m****,"프롬랩스 단백질 흡착 노워시 트리트먼트🧡
샴푸 후 드라이 전에 꼭 뿌려주는 필수템이에요! 
머리카락도 얇고, 염색모라 일반 트리트먼트를 해도 머리결이 부드러운 느낌은 아니었거든요 ㅠㅠ 
근데 프롬랩스 단백질 흡착 트리트먼트는 노워시 타입이라 머리말리기 전에 뿌려만 주면되고, 그리고 스프레이 타입이라 손에 묻지도 않고 뿌려만 주면 되니 최고편해요!!! ㅋㅋㅋ

린스나 일반 크림형은 손 씻어야해서 매우 귀찮은데, 소비자의 니즈 제대로 반영된 것 같아서 아주 마음에 드는 제품입니다🤭🧡

향은 강한 편이에요!! 하지만 뿌릴때만 즉각적이고 강하게 느껴지고 머리 다 말리면 은은하게 남아서 기분이 좋답니다! 
분사력은 거의 안개미스트 수준이라 덩어리지지않고 부드럽게 잘 분사됩니다!

갠적으로 오일 에센스 바르는 것보다 이 제품이 머리결 개선 및 사용면에서도 확실하게 효과적인 것 같아요! 

앞으로도 꾸준히 사용할 예정이에요😆🧡"
2026-08-07,A000000233027,63013063,2026.07.19,4,0,NORMAL, ,A03,B02,"C08,C09",0,180.0,0,0,프로탕진러,"✔️ 아는 사람들은 아는 유명템인 것 같아서 구매해본 제품ㅋㅋ

- 막 진짜 너무 좋다 이 정도는 아님
- 힐링버x보다는 좋은 것 같음
- 향은 로즈계열 플라워향 (거부감 안 듦)
- 분사력 괜찮음
- 긴머리인 분들은 빨리 쓰실 듯

재구매 의사 : 보류 (타사 제품보다 비싼 편인데 제형이 워터리해서 너무 가벼움.. 엄청 뿌려야 촉촉해짐)"
2026-08-07,A000000233027,62321067,2026.07.04,5,0,NORMAL, ,,,,4,153.0,1,1,rabbit05****,"노워시 트리트먼트 중에 재구매 많이 한 거..
이거 덕분에 머릿결이 좋아졌어요."
2026-08-07,A000000233027,61493712,2026.06.15,5,0,NORMAL, ,A03,B03,C08,1,132.0,0,0,현디야,뿌리기 간편하고 사용 후 머릿결이 한결 부드러워진 느낌이에요. 끈적임 없이 가볍게 사용할 수 있어 만족스럽습니다.
2026-08-07,A000000233027,61292018,2026.06.11,5,0,NORMAL, ,A01,B02,"C03,C09",1,132.0,0,0,최어린이,진짜좋아요ㅡ손상 모인데 이ㅡ제품 강추합니다.머리결 개선에 많은도움 됫구요
2026-08-07,A000000233027,62639050,2026.07.11,5,0,NORMAL, ,,,,1,110.0,0,0,이다윤아니다윤,약간 진짜 코팅 시켜주는 느낌?이거랑 같은라인 트리트먼트도 써봤는데 둘이 합이 진짜 좋아요 이거 쓰고 나서 머리결이 진짜 좋아졌어요
2026-08-07,A000000233027,63332631,2026.07.27,5,0,NORMAL, ,,,,1,99.0,0,0,소리꾼,가볍고 트리트먼트랑 같이 쓸때 시너지가 두배가 되는듯 추천
2026-08-07,A000000233027,63376886,2026.07.28,4,0,NORMAL, ,,,,0,66.0,1,1,heesook****,"이번이 두번째로 구매 해봐요.
머리결은 좋은데 광고는 넘 과도 해요.
배송빨라요"
2026-08-07,A000000233027,62543999,2026.07.09,5,0,NORMAL, ,,,,1,60.0,0,0,seojin****,"본인 머릿결: 상한 머리 없는 일반 건강한 직모
평소에 폼 트리트먼트 사용함. 워시 트리트먼트는 안 사용함.
처음 사용감: 들어있는 것은 액체라 분사가 좋음. 또한 헤드가 미스트 헤드라 분무기 형태보다 뿌리기 편함. 
원래 아무것도 안 바르고 말리면 부스스한데 얘는 차분하게 마무리 됨.
그리고 향이 진짜진짜 좋아요. 머리 아픈 향 1도 아니에요"
2026-08-07,A000000233027,60859867,2026.06.04,5,0,NORMAL, ,A03,B03,"C05,C07",5,38.25,1,0,원쑹이,"헤어팩, 오일, 미스트, 트린트먼트 등... 모두 사용하고 있지만 스프레이까지 써주니까 효과 더 좋네용
그리고 같은 브랜드 샴푸가 너무 좋아요!!!!"
2026-08-07,A000000233027,59920989,2026.05.21,5,0,NORMAL, ,A03,B03,"C02,C03",7,33.75,1,0,쁘이소원카밀리아fan,"이거 짱짱 좋아여. 그래서 저 2통째 쓰고 있어요 &gt;.&lt;
저같이 펌 염색 많이 해서 극손상모이신분들한테 딱 좋아요.
저는 샴푸 & 워시타입 트리트먼트 다하고 머리 말리기전에 타올드라이한 후에 뿌려주면 드라이 할때 엉키지 않고 머리카락들이 즉시 부들부들해졌어요.🫢
그리고 드라이 후에 한번더 뿌려주면 머리카락들이 윤기가 촤르르 나고 차분해졌답니다 👍🏻
다음 날 아침 외출하기 전 마른머리에 칙칙 뿌려주면 부시시한 머리카락이 차분한 펌한머리로 변신했습니다.
여기에 크림 타입& 오일 타입 에센스 소량으로 레이어랑 해두면 간단하게 머리손질 완성이요!!!!😊
노워시 트리트먼트 중에 얘가 제일 좋아요."
2026-08-07,A000000219361,63673113,2026.08.03,5,1,OFFLINE,[단품]허니버터,A01,B01,"C03,C04",3,2952.0,1,0,올리뷰과몰입,"맛있어요 하루에 반봉지씩 오전 오후 나눠먹고 있어요
이게 엄청 맛있는건 아닌데 
티비보면서 멍때리고 있으면 계속 머리에서 멤도는게 
있어요. 하루에 한봉 이상은 좀 물리고 
조금씩 나눠서 먹으면 
입과 기분이 즐겁달까요?"
2026-08-07,A000000219361,63279444,2026.07.25,5,1,OFFLINE,[단품]갈릭버터,A01,B01,"C01,C05",6,2754.0,0,0,앙버터빵,이거 정말 정말 정말 진심으로 너무 맛있어요. 주변 친구들 한테도 모두 추천 했습니다. 정말 맛있는 빵집에 마늘빵 맛이 나요. 너무 맛있게 잘 먹었습니다. 다음에 또사 먹으려구요.
2026-08-07,A000000219361,63279343,2026.07.25,5,1,OFFLINE,[단품]초코시나몬,A01,B01,"C01,C05",6,2754.0,0,0,앙버터빵,"친구가 추천해줘서 1번 먹어 봤는데 너무 맛있어서 1번 더 구매했습니다. 체중 신경쓰일 때 먹기도 좋은거 같고, 너무 맛있어서 너무 만족스러워요."
2026-08-07,A000000258877,63857549,2026.08.07,5,0,NORMAL, ,A03,B04,"C01,C08",4,1800.0,1,0,jirok222,"레티놀 시카 모공 흔적 앰플은 3X 레티놀 컴플렉스 3X 시카로 업그레이드 되서 더 강력해졌어요!
저자극 레티놀 앰플이라 민감성 피부도 사용할 수 있어요😊
피지 케어,장벽 강화,탄력 케어까지 되니까 레티놀 입문템으로 추천드립니다!!💕"
2026-08-07,A000000205496,63856522,2026.08.07,5,0,NORMAL, ,,,,0,360.0,1,1,Allyseo,"두번째 구매해서 먹어요. 아직까지는 뱃살이 쏙 빠진 머 그런건 아닌데, 맛도 좋고, 아침에 일어나서 공복 상태에서 꼭 한포씩 꾸준히 먹어보려고 하고 있어요. 덕분인지 아침이 가볍게 시작 할 수 있는 것 같네요. 약을 챙겨 먹는게 1도 없는지라 이거라도 꾸준히 먹어볼까 합니다."
2026-08-07,A000000205496,63731169,2026.08.04,5,0,NORMAL, ,,,,2,168.0,0,0,nodame****,"진짜 후기 안쓰는데 정말 아무 효과 없어서 남김
진짜진짜 단 100g도나를 잃지 않음 내가 또 인스타에 속네"
2026-08-07,A000000218845,62554697,2026.07.09,5,0,NORMAL,[포켓몬에디션] 130+30+헤어브러쉬*,,,,5,2556.0,1,0,Ree1,포켓몬 에디션이라 또 구매한거 ㅎㅎ 빗 너무 졸귀탱이예요 ~ 앰플용량이냐 빗이냐 선택한건데 후회없음요 ㅎ
2026-08-07,A000000218845,63797412,2026.08.06,5,0,NORMAL,그로우턴 앰플 100ml기획(+100ml,A02,B05,"C01,C02",1,2520.0,1,1,안녕엘리제,"몇통째 재구매 사용 중입니다
비어있던 헤어라인에 잔머리가 많이 올라왔어요 머리카락에 힘이 생겨서 정수리 부분에 볼륨이 살아 있어요 오후가 되면 떡지던 머리카락이 보송하게 유지 되서 너무 좋아요 비듬이나 가려움증도 없어 졌어요 안 쓸이유가 없어요!!꾸준히 써보니 정말 효과가 있어서서 만족하며 쓰고 있어요"
2026-08-07,A000000226201,63836377,2026.08.06,5,0,NORMAL, ,,,,0,660.0,1,1,석브라더스,모공이 정말 줄어드네요.기대 이상이라 얼른 다시 구매합니다.진정과 모공에 좋은 세럼이네요.앞으로 쭉 써 볼랍니다.
2026-08-07,A000000260517,63774382,2026.08.05,5,0,NORMAL,[NEW브러쉬기획] 21N 아이보리,A02,B03,"C01,C03",6,2340.0,1,0,tqea****,"원래 리뷰 개대충쓰는데 이거 너무 좋아서 조금 길게 써봐요!
기존 더블래스팅 쩍쩍갈라져서 세번정도 쓰고 안썼능데 리뉴얼 진짜 잘된 것 같아요 !

핑크베이스 싫어해서 21n샀는데 괜찮았어요

네이밍 웨이크메이크처럼 개밝은 21호 아니고 정석~살짝밝은 21호에요 손에 발랐을때는 채도감이랑 밝기가 왜이랴 했는데 실제로 발라보니까 색 괜찮아요! 
(화사한21호 좋아하면 19호 쓰셔야할듯)

(🍅퓌 올데쿠 21호랑 비슷or명도 아주 약간 낮음
🍅 더샘 글루타치온 쿠션 21n보다 명도 많이 낮음)



저는 어바웃톤 파우더 01호 얇게 깔았는데 궁합 좋고 색보정도 되어서 좋았어요

주름끼임진짜 없고 좋았어요! 증정 브러쉬로 발랐는데 바르고 쉽고 자극감도 적어요! 근데 얼굴에 왠 흰실이 있지했는데 브러쉬 털빠짐이어서 이건 조금 아쉬웠어요🥲

오늘 땀도흘리고 습하고 했는데도 지속력 진짜좋고 피부좋아보여요!

두께는 엄청 두껍다는아닌데 상페에서 설명한 것 처럼  얇은건아니에요

근데 두께감이 얇았으면 이정도 커버력안나왔을듯 전 진짜 만족했습니다!!

기초: 파넬 초록세럼-에스쁘아 선크림
ㄴ 피부잘뜨는 건성-수부지..?(잘모름) 사람이어서 여름이어도 묵직하게 케어했는데 좋았어요!"
2026-08-07,A000000260517,62791885,2026.07.14,5,0,NORMAL,[브러쉬 기획] 라이트 베이지 19N,A03,B03,"C07,C08",6,1830.0,1,0,콩뿅이,에뛰드가 참 파데를 잘 만드는거같아요 이거 쓰고 피부 좋다는 말을 너무 많이 들어용 적당 촉촉 매트하게 마무리 되는… 저는 홍조가 심한편인데 커버력도 대박임미다 진짜 파데 중 1등
2026-08-07,A000000260517,63875181,2026.08.07,2,0,NORMAL,[NEW브러쉬기획] 23N 베이지,A02,B04,"C05,C10",0,1800.0,1,0,말로바오,"사실 파데보다도 브러쉬가 궁금해서 구매해봤어요! 집에 필밀 829 브러쉬 있어서 잘 쓰고있어서 브러쉬 필리밀리829와 비교해봤는데 둘 다 파데 바르기 좋은 브러쉬지만 역시... 필밀 829가 조금 더 부드럽고 힘이 더 들어가서 좀 더 좋게 느껴졌어요! 기획브러쉬는 좀 더 단단한 느낌?이었습니다!!
원래 21호 쓰는데 요즘 피부가 좀 탔고, 얼굴 둥둥뜨는 메이크업 별로라 집에있는 밝은 파데랑 섞어쓰려고 23호 산건데 좀 어둡긴해요ㅠㅠ 색깔이 약간 회빛?이 도는 것 같아서 아쉬웠어요. 발림성도... 두껍게 발리구... 쫌 끼인다고 해야하나...이건 브러쉬 문제일수도 있지만...기존에 쓰던 파데가 어바웃톤인데 개인적으론 어바웃톤이 압승이었어요..!"
2026-08-07,A000000260517,63663907,2026.08.03,5,0,NORMAL,[브러쉬 기획] 라이트 베이지 19N,A01,B04,"C05,C07",0,1800.0,1,0,고양이완전조아,"여름이라서 쿠션은 무너짐도 빠르고 다크닝도 빠르게 오는 것 같아서 파운데이션이 필요할 것 같아서 서칭하다가, 클리어런스(단종예정) 할인을 하는걸 보고 바로 샀어요
제가 쓰는 호수보다 한 톤 높은걸로 사서 색상은 밝지만 무너짐이 덜하고 확실히 지속력이 오래 가는 제품입니다!
커버력도 꽤 있어서 더욱 만족스럽습니다
단종되서 너무나도 아쉽지만… 아껴쓸예정이에요…!"
2026-08-07,A000000260517,63834815,2026.08.06,5,0,NORMAL,[NEW브러쉬기획] 21N 아이보리,A01,B03,C05,1,1680.0,1,0,Parkjieun,피부가 21호인데 21N 아이보리 색상이 자연스럽게 잘 맞았어요. 처음에는 살짝 밝아 보였는데 펴 바르니 피부톤에 자연스럽게 밀착됐습니다. 얇게 발리면서 피부 표현이 깔끔하고 잡티도 어느 정도 커버돼서 데일리로 사용하기 좋았어요. 마무리는 보송한 편이라 여름에도 부담 없이 사용할 수 있을 것 같습니다. 브러시와 파우치까지 함께 들어 있어서 휴대하기 편하고 가성비도 만족스러웠어요. 재구매 의사 있습니다!
2026-08-07,A000000260517,63393451,2026.07.28,5,0,NORMAL,[브러쉬 기획] 라이트 베이지 19N,A01,B03,C01,2,1674.0,1,0,쁘땅,지성피부라 유지력 좋은 파데를 찾고 있었는데 나름 만족해요!
2026-08-07,A000000260517,63683198,2026.08.03,5,0,NORMAL,[NEW브러쉬기획] 21N 아이보리,,,,1,1008.0,1,0,메이크업배우기,짜면 주르륵 흐르고 바르고 나면 매트한 느낌. 브러시로 바르면 모공을 채워줘요. 증정품 좋네요.
2026-08-07,A000000260517,63732292,2026.08.04,5,0,NORMAL,[NEW브러쉬기획] 17C 로지 페어,A01,B03,"C01,C04",1,900.0,0,0,뒤뚱댕뚱,"뭐임 왜케 좋음 좋다는 말 많아서 좋을 줄은 알았지만 피부표현 도라방스 그리고 커버력도 좋아서 내 트러블 가려줌 파데는 묽은편인데 오히려 좋아 픽스가 빠른편도 아니라서 사영하기 좋음 그렇다고 픽싱이 느리게 되는것도 아니어서 좋음 
파데 걍 놔두면 층분리가 되어있긴 한데 흔들어 쓰라고 나와있고 흔들어 쓰면 되서 잇츠 오케이
써본 파데 중에 제일 좋음"
2026-08-07,A000000260517,61703483,2026.06.20,5,1,OFFLINE,[브러쉬 기획] 라이트 바닐라 17C,,,,3,810.0,1,0,mrosy,"피부타입: 건성, 민감성
겨울 봄에는 글로우 파운데이션이랑 섞어서 사용 - 커버력은 유지하면서 글로우하게 가능 
여름에는 그렇게 쓰면 너무 유분이 넘쳐서 단독으로 사용 - 커버력 올라가면서 촉촉하게 유지가능  
총평: 지속력 커버력 다 좋음 + 건성 기준에서도 촉촉한 편
재구매 무조건 할 예정"
2026-08-07,A000000260517,63691414,2026.08.03,5,0,NORMAL,[브러쉬 기획] 라이트 베이지 19N,A02,B03,"C01,C02",0,792.0,1,1,왕실쿠키샌드,"생각보다 21이 어둡게 나와서 19로 사고
조금 어두운 파데랑 섞어서 제가 톤을 맞춰 보려구요
잘 사용해볼게요 ㅎㅎ 발림성은 되게 좋아요"
2026-08-07,A000000260517,63691358,2026.08.03,5,0,NORMAL,[브러쉬 기획] 라이트 베이지 19N,A02,B03,"C01,C02",0,792.0,1,0,왕실쿠키샌드,"브러쉬 혹한 사람 저에요 흑 흑극
촉촉하게 발리고 마무리감은 보송합니다 
19 밖에 안남아서 호수를 좀 조종해야할거같긴한데 
밝긴해도 어쩔 수 없죵 ,, ㄱ단종돼서 아쉬워요
잘 사용해볼게요!"
2026-08-07,A000000260517,63859523,2026.08.07,5,0,NORMAL,[NEW브러쉬기획] 21C 로지 아이보리,,,,0,720.0,1,0,이머전씨,"에뛰드 더블 래스팅 파운데이션 21C 로지 아이보리 컬러로 구매해서 사용해봤는데 정말 만족스러웠습니다. 평소 피부 톤이 밝은 편인데 컬러가 자연스럽게 잘 맞아서 얼굴이 화사하게 표현되더라고요. 얇게 발리면서도 피부결이 매끈하게 정돈되는 느낌이라 데일리 메이크업용으로 자주 사용하고 있습니다. 시간이 지나도 피부 표현이 깔끔하게 유지되는 편이라 외출할 때도 만족스러웠어요. 함께 받은 브러쉬도 사용감이 좋아서 파운데이션을 균일하게 바르기 편했고, 밀착력도 한층 더 좋아지는 느낌이었습니다. 전체적으로 가볍고 자연스러운 피부 표현을 원하는 분들에게 잘 어울리는 제품이라 만족스럽고, 앞으로도 재구매해서 사용할 생각입니다."
2026-08-07,A000000260517,63573744,2026.08.01,4,1,OFFLINE,[브러쉬 기획] 라이트 베이지 19N,A03,B03,C09,1,660.0,0,0,DanaMoon,음 나쁘지 않은데 바르면 피부에 흡수되는 양이 많아서 자고 일어나면 기름 올리오면서 파데가 사라짐..
2026-08-07,A000000260517,61455602,2026.06.14,4,1,OFFLINE,[브러쉬 기획] 샌드 23N,A04,B05,"C01,C05",2,630.0,1,0,가을딥호소인,"23호 가을딥의 어두운 피부톤을 가졌는데
대부분의 브랜드 파운데이션이 23호라고 나왔지만
제 피부톤에 올리면 너무 밝아서…23호가 맞나 싶네요
그나마 다른 브랜드보다 마냥 밝지만은 않아서 구매했고
터치인솔 파데가 제 피부색에 맞아서 함께 섞어서 사용중입니다 제형 자체가 묽은 편이라 흔들어 사용해야하고,
그렇다고 글로우하게 올라가는 파데는 아니라 좋았어요
마무리감은 세미매트 느낌에 커버력도 평타 이상이에요
근데 뚜껑이 계속 더러워져서 닦아서 써야해요ㅠㅠㅠ
나름 만족스러워 재구매 의향 있습니다~~"
2026-08-07,A000000260517,63596198,2026.08.02,5,0,NORMAL,[브러쉬 기획] 샌드 23N,,,,0,600.0,1,0,ZHAOXIAOYU,"ETUDE 듀얼 컨실러 파운데이션 세트 후기 💖 파운데이션, 컨실러, 브러시가 함께 구성되어 있어 활용도가 높은 세트였습니다. 파운데이션은 가볍고 얇게 밀착되면서도 피부 표현이 자연스러웠고, 데일리 메이크업에 사용하기 좋았습니다.
컨실러는 잡티나 다크서클 등 필요한 부위만 깔끔하게 커버할 수 있어 메이크업 완성도를 높여주었습니다. 함께 구성된 브러시도 부드럽고 사용하기 편해서 초보자도 쉽게 사용할 수 있는 제품이라고 느꼈습니다."
2026-08-07,A000000260517,63308987,2026.07.26,5,1,OFFLINE,[브러쉬 기획]  뉴트럴베이지 21N,A03,B05,"C01,C04",0,594.0,1,0,뿡합성,"개좋아용 같이 들어있는 브러시도 좋고 파데도
색도 이쁘고 좋아영 복합성한테 추천"
2026-08-07,A000000260517,63612735,2026.08.02,5,0,NORMAL,[브러쉬 기획] 라이트 베이지 19N,A01,,C06,1,540.0,0,0,k202411204****,"친구가 너무 추천해서 구매해봤는데 너무 좋더라고요!!
원래 21호 쓰는데 구매하려고 장바구니 담고 다음날 보니깐 품졸이라 19호 샀는데 너무 하얗게 뜨는 느낌은 없었어요 제형은 물처럼 흐르는 제형인데 막상 바르면 매트하게 올라가요 근데 그렇다고 너무 매트하진 않고 세미매트정도?  색상도 너무 누렇지 않고 괜찮은 것 같아요! 그리고 가격도 괜찮아서 다들 한번씩 구매 해보세용"
2026-08-07,A000000260517,62762609,2026.07.13,5,0,NORMAL,[브러쉬 기획] 라이트 베이지 19N,A02,B03,"C01,C02",0,540.0,1,0,뽀숑이최고,"피부가 예민해서 트러블 안 나는 파데 찾고있어요
트러블 잘 안 난다고 해서 일단 사용해볼려고요
색상은 에스티로더 포슬린이랑 비교햇을때 더 뉴트럴색이에요 왼쪽 에스티로더,오른쪽 에뛰드19N 
바를때 매트한데 마무리는 글로우한 느낌이라 신기해요"
2026-08-07,A000000260517,63584365,2026.08.01,5,0,NORMAL,[NEW브러쉬기획] 19N 포슬린,A02,B03,"C05,C06",1,528.0,0,0,Jangseunghee,가성비가 정말 좋은 제품이라 떨어지면 또 살 것 같아요!! 하나쯤 구매 강추
2026-08-07,A000000260517,63862836,2026.08.07,5,0,NORMAL,[NEW브러쉬기획] 21C 로지 아이보리,,,,0,396.0,1,0,무너오징어,전 예전부터 에뛰드 더블래스팅만 썼어요. 그만큼 무너짐 별로 없고 색도 저랑 잘 맞아요.
2026-08-07,A000000260517,63723206,2026.08.04,5,0,NORMAL,[브러쉬 기획] 라이트 바닐라 17C,,,,1,396.0,0,1,올영내지갑털이범,지성한테는 비추ㅜ 여름에 땀 나고 하면 지속력이 확 안 좋아짐 근데 가성비는 ㅇ..ㅈ
2026-08-07,A000000260517,63393658,2026.07.28,5,0,NORMAL,[브러쉬 기획] 라이트 베이지 19N,A02,,,0,396.0,1,0,코리21,아직써보진못햇는데 색이딱맞네용 조와요 굿굿 호호...
2026-08-07,A000000260517,63182852,2026.07.23,5,0,NORMAL,[단품] 라이트 바닐라 17C,A03,B04,C13,1,396.0,0,0,mmmmd,색이 한 호수 낮게 나와서  평소 19호 쓰던 사람으로써 17이 잘 맞았음
2026-08-07,A000000260517,63022444,2026.07.19,4,0,NORMAL,[브러쉬 기획] 라이트 베이지 19N,A03,B03,"C05,C09",2,378.0,0,0,smseo****,엄청 매트함 그이고 색이 엄청 어둡게 나옴 기본 21-20호 쓰는데 이건 19호 씀
2026-08-07,A000000260517,63427425,2026.07.29,5,0,NORMAL,[브러쉬 기획] 라이트 베이지 19N,,,,2,372.0,1,0,cvon,여름에 쓰기 좋은 파데인거같고 성분이 순해서 너무 만족스러워요! 색상도 21호쓰는데 19n하니 이질감없이 발려용
2026-08-07,A000000260517,63639846,2026.08.02,5,0,NORMAL,[NEW브러쉬기획] 21N 아이보리,,,,1,264.0,0,0,도도도도디디덛,브러쉬도 좋고 파우치 증정도 감다살이네요... 딱 화장품들 넣기 좋은 파우치예요 💄💖 파데도 리뉴얼되면서 엄청 스무스하게 발리는 느낌? 전 비비랑 섞발하려고요!
2026-08-07,A000000260517,62810816,2026.07.14,5,0,NORMAL,[단품] 뉴트럴 베이지 21N,A04,B04,,0,264.0,1,0,xeonxyexim,파운데이션 둘러보다가 이 제품으로 구매하게 되었습니다 잘 쓸게요
2026-08-07,A000000260517,63633491,2026.08.02,5,0,NORMAL,[브러쉬 기획] 라이트 베이지 19N,,,,1,252.0,1,0,뾰ㄹ롱,"제미나이가 이 제품이 제일 모낭염걱정없다고 추천해줘서 사봤어요
50퍼할인할때 사서 아주 좋고 적당히 매트해서 좋네요! 뾰루지는 안난것같아요"
2026-08-07,A000000260517,62238022,2026.07.03,5,0,NORMAL,[브러쉬 기획] 라이트 베이지 19N,A03,B04,"C01,C02",2,252.0,1,0,운종노이노,이거 찐 임요 진짜 오후 7:00에 화장해서 새벽 오전5:00시까지 밖에 있었는데 수정화장 머리카락 땜에 쓸린 부분만 한번 했고 파우더 2번 함 아..근데 진짜 이런 요물 없다 제 피부에 그렇게 나올 정도면 거 집 회사 잘한다는 뜻입니다
2026-08-07,A000000260517,63294123,2026.07.26,5,0,NORMAL,[브러쉬 기획] 라이트 베이지 19N,,,,2,210.0,1,0,kimsh****,"완전 미쳤어요.. 정말정말 좋네요😍😻
조금의 오바싸바를 더해서 말씀드리자면은,
제가 프r다 파데가 얇은데 커버력도좋고 발림성도 좋아서 정말 잘 쓰고 있고 좋아하거든요??
이 자식 완전 프r다 저렴이버전이에요 진짜.🫶🫶👍👍🤤🤤🥹🥲⭐️⭐️🤌🥺🥵🥵💋🥇🏆🫰😍😍
꼭 사세요..☆성분도 좋으니..☆"
2026-08-07,A000000254152,63797816,2026.08.06,5,1,OFFLINE,[올영픽]쿨링 스프레이 100ml더블기획,A02,B02,"C01,C02",0,3960.0,0,0,도도도동료가,"이거 진짜 백점 천점 만점,, 너무 시원해요 진짜 확실하게 시원해서 넘 좋고 회사에서 화날 때 이거 뿌려도 ㄱㅊ아요 근데 약간 가스? 냄새가 나서.. 향만 좀 어케 고쳐지면 좋을듯여!! 확실하게 시원하긴 하고 ㅈ저는 떡지는 느낌은 거의 못 받았어요 굿굿 넘 좋아요... 여름 진짜 너무 오바마라서 재구매 할 예정!!"
2026-08-07,A000000254152,63832895,2026.08.06,5,0,NORMAL,[올영픽]쿨링 스프레이 100ml더블기획,A03,B05,"C04,C05",0,900.0,1,0,이건살만하다,"엥에엥
아니이거머지일단요즘개~~~~덥잔아요
그래서속는셈한번사봣는데
미쳣따링
향기는솔찌키잘모르겠는데역한향은아님
두피개시원하고..좀마르면떡지는것도좀사라짐?!!!기붐탓인가...
머리가곳탈것같다할때한번쫙뿌려주고꾹...눌러주면 레.존.드
일주일만에다쓸듯 ㅊㅊ요"
2026-08-07,A000000259555,63701378,2026.08.04,5,1,OFFLINE, ,A03,B02,"C01,C02",0,660.0,1,0,랑방이,미스트는 달바가 최고인 것 같습니다. 올리브영 행사할 때 할인 쿠폰 사용해서 구매하면은 제일 저렴한 거 같구요. 스킨 대신 사용해도 좋고 여름에도 수시로 뿌려주면은 약간 쿨링감도 있고 피부가 진정되는 것 같아요.
2026-08-07,A000000259555,63722371,2026.08.04,5,0,NORMAL, ,,,,0,540.0,1,0,syyang,"미스트처럼 가볍게 뿌릴 수 있어서 사용 방법이 간편하고, 세안 후 스킨 단계는 물론 건조함이 느껴질 때 수시로 사용하기 좋았습니다. 분사 입자가 고와서 피부에 고르게 퍼지고 끈적임 없이 빠르게 흡수되는 점이 마음에 들었어요.

사용 후 피부가 푸석하지 않고 촉촉하게 유지되며, 자연스러운 물광 느낌이 나서 메이크업 전후에도 활용하기 좋았습니다. 펩타이드 성분으로 탄탄한 피부 관리에도 도움을 줄 것 같고, 100ml 더블 기획이라 넉넉하게 사용할 수 있어 가성비도 좋아요."
2026-08-07,A000000219609,63762618,2026.08.05,5,0,NORMAL, ,A03,B03,"C03,C07",0,1512.0,1,1,빠르밍,"트러블 진정하는데 도움을 많이 받았어요.
보습력이 좋아  건조한 않고 피부자극도 없고 순해요.
증정용 행사해서 재구매 했어요."
2026-08-07,A000000219609,62714268,2026.07.12,5,0,NORMAL, ,A02,B03,"C01,C02",3,1116.0,0,1,jylove2277,"트러블이 자주 올라오는 피부인데 이거 쓰고 정말 많이 진정됐어요. 제형도 끈적임 없이 깔끔해서 화장 전후로 사용하기에 너무 편합니다. 리필까지 포함된 구성이라 가성비도 좋고, 앞으로도 쭉 정착할 예정입니다"
2026-08-07,A000000219609,62670803,2026.07.11,5,0,NORMAL, ,A03,B06,"C01,C03",2,1116.0,1,1,통장털어찐템찾기,파티온 세럼 n병템이에요! 흡수도 빠르게 되고 진정이 잘 되서 좋아요~~
2026-08-07,A000000231950,63870627,2026.08.07,5,0,NORMAL,포어 클렌징밤 100ml 단품,A03,B03,"C03,C07",0,1512.0,1,0,빠르밍,"클렌징밤이 잘 맞아서 재구매 했어요.
세정력이 좋고 유화도 잘 되어서 피부자극도 적어요.
향도 강하지 않아 좋아요."
2026-08-07,A000000231950,63744417,2026.08.05,5,0,NORMAL,포어 클렌징밤 100ml 망곰 기획,A03,B05,"C04,C05",1,1080.0,0,0,럽둥,"민감성 피부라 클밤 보단 클렌징로션이 더 좋다고
해서 쓰고 다시 돌아옴 .. 클렌징로션이 훨 순하고 자극
이 없는건 맞는데 세정력이 별로라 오히려 트러블이 낫음
근데 이거 쓰거 다시 피부가 돌아옴 .. 2차세안 무조건 하는데
이거 쓰고 순한 클렌징폼 쓰는게 피부가 훨씬 더 좋음 
바람 안피겠습니다 .."
2026-08-07,A000000231950,63693966,2026.08.04,5,0,NORMAL,오리지널밤 100ml 단품,,,,1,1080.0,1,0,냐오잉,후 이거 기획좀 내주세요 진지하게 .. 통 너무 예뻐서 이름표 백만개 붙이고싶어요 아직은 사용 안해봤는데 다른 사이트에서 산 친구가 진짜 잘쓰고 있고 4통째 재구매하는 레전드 찐템이니까 무조건 사래요 피부 예민하시고 보습 위주로 차즌ㄴ분은 초록 세정력이 좋고 유분이많지않아야하면 핑크를 추천한대요
2026-08-07,A000000231950,63877812,2026.08.07,5,0,NORMAL,오리지널밤 100ml 단품,A03,B03,"C04,C06",0,660.0,1,0,jonghoho,오일 쓰다가 제 피부에 안맞아서 밤으로 바꿔서 꾸준히 사용하고 있어요~ 세정력 좋아요
