수집일자,카테고리,순위,브랜드,상품명,상품페이지링크,대표이미지URL,정가,혜택가,할인율,리뷰수,리뷰별점,별점5비율,별점4비율,별점3비율,별점2비율,별점1비율,세일,쿠폰,증정,오늘드림,상품번호,카테고리ID
2026-07-28,전체,1,딜라이트 프로젝트,딜라이트 프로젝트 베이글칩 택1,https://www.oliveyoung.co.kr/store/goods/getGoodsDetail.do?goodsNo=A000000147779,https://image.oliveyoung.co.kr/cfimages/cf-goods/uploads/images/thumbnails/400/10/0000/0014/A00000014777962ko.jpg?l=ko,2700,2700,0.0,227255,4.9,90,7,3,0,0,0,0,0,1,A000000147779,ALL
2026-07-28,전체,2,메디힐,[15년 연속 1위] 메디힐 에센셜 마스크팩 10/10+1매 기획 7종 골라담기,https://www.oliveyoung.co.kr/store/goods/getGoodsDetail.do?goodsNo=A000000223414,https://image.oliveyoung.co.kr/cfimages/cf-goods/uploads/images/thumbnails/400/10/0000/0022/A000000223414117ko.jpg?l=ko,20000,10000,50.0,458568,4.9,91,7,2,0,0,1,0,1,1,A000000223414,ALL
2026-07-28,전체,3,프로티원,[1+1/7월 올영픽] 프로티원 단백질쉐이크 파우치형 40g 6종,https://www.oliveyoung.co.kr/store/goods/getGoodsDetail.do?goodsNo=A000000202771,https://image.oliveyoung.co.kr/cfimages/cf-goods/uploads/images/thumbnails/400/10/0000/0020/A000000202771192ko.jpg?l=ko,3900,3900,0.0,90993,4.8,86,9,4,1,1,0,0,0,1,A000000202771,ALL
2026-07-28,전체,4,파넬,[7월올영픽/최초대용량] 파넬 시카마누 92세럼 50ml 더블기획 (총 100ml),https://www.oliveyoung.co.kr/store/goods/getGoodsDetail.do?goodsNo=A000000259488,https://image.oliveyoung.co.kr/cfimages/cf-goods/uploads/images/thumbnails/400/10/0000/0025/A00000025948814ko.jpg?l=ko,52000,29900,42.5,15278,4.8,86,9,3,1,1,1,1,1,1,A000000259488,ALL
2026-07-28,전체,5,플라이밀,[7월 올영픽/1+1] 플라이밀 단백질쉐이크 45g 12종 택 1,https://www.oliveyoung.co.kr/store/goods/getGoodsDetail.do?goodsNo=A000000190168,https://image.oliveyoung.co.kr/cfimages/cf-goods/uploads/images/thumbnails/400/10/0000/0019/A00000019016821ko.jpg?l=ko,3900,3900,0.0,102630,4.8,86,9,3,1,1,0,0,0,1,A000000190168,ALL
2026-07-28,전체,6,롬앤,[NEW/완벽커버]롬앤 유에프오 커버 쿠션 리필 기획 (본품+리필+뚱퍼프),https://www.oliveyoung.co.kr/store/goods/getGoodsDetail.do?goodsNo=A000000260472,https://image.oliveyoung.co.kr/cfimages/cf-goods/uploads/images/thumbnails/400/10/0000/0026/A00000026047205ko.jpg?l=ko,35000,22900,34.6,0,0.0,,,,,,1,1,0,1,A000000260472,ALL
2026-07-28,전체,7,아누아,[수지 PICK/단독기획] 아누아 피디알엔 히알루론산 100 수분 크림 60mL 2입 기획,https://www.oliveyoung.co.kr/store/goods/getGoodsDetail.do?goodsNo=A000000231892,https://image.oliveyoung.co.kr/cfimages/cf-goods/uploads/images/thumbnails/400/10/0000/0023/A00000023189227ko.png?l=ko,64000,29500,53.9,8483,4.8,86,9,3,1,1,1,0,0,1,A000000231892,ALL
2026-07-28,전체,8,파넬,[7월올영픽/1등진정] 파넬 시카마누 레드 리페어 크림 50ml 더블기획 (+세럼 15ml),https://www.oliveyoung.co.kr/store/goods/getGoodsDetail.do?goodsNo=A000000259494,https://image.oliveyoung.co.kr/cfimages/cf-goods/uploads/images/thumbnails/400/10/0000/0025/A00000025949412ko.jpg?l=ko,40000,26900,32.8,2255,4.9,92,5,2,0,1,1,1,1,1,A000000259494,ALL
2026-07-28,전체,9,VT,[1등선크림/끈적임ZERO] VT 피디알엔 에어 클라우드 선스크린 50ml,https://www.oliveyoung.co.kr/store/goods/getGoodsDetail.do?goodsNo=A000000257580,https://image.oliveyoung.co.kr/cfimages/cf-goods/uploads/images/thumbnails/400/10/0000/0025/A00000025758018ko.jpg?l=ko,26000,17500,32.7,6033,5.0,97,3,0,0,0,1,0,0,1,A000000257580,ALL
2026-07-28,전체,10,메디힐,[8+1매 단독기획] 메디힐 하이퍼 겔마스크 4종 (콜라겐/PDRN/마데카소사이드/히알루론산),https://www.oliveyoung.co.kr/store/goods/getGoodsDetail.do?goodsNo=A000000239102,https://image.oliveyoung.co.kr/cfimages/cf-goods/uploads/images/thumbnails/400/10/0000/0023/A00000023910260ko.jpg?l=ko,36000,24900,30.8,46653,4.8,87,9,2,0,0,1,1,1,1,A000000239102,ALL
2026-07-28,전체,11,메디힐,[단독기획] 메디힐 더마 패드 200매 대용량 기획 세트 7종 골라담기,https://www.oliveyoung.co.kr/store/goods/getGoodsDetail.do?goodsNo=A000000171427,https://image.oliveyoung.co.kr/cfimages/cf-goods/uploads/images/thumbnails/400/10/0000/0017/A000000171427226ko.jpg?l=ko,39900,28500,28.6,77278,4.8,85,10,3,1,1,1,1,1,1,A000000171427,ALL
2026-07-28,전체,12,파넬,[7월올영픽/쿨링진정] 파넬 시카마누 세럼 미스트 100g 기획 (+세럼 15ml),https://www.oliveyoung.co.kr/store/goods/getGoodsDetail.do?goodsNo=A000000259499,https://image.oliveyoung.co.kr/cfimages/cf-goods/uploads/images/thumbnails/400/10/0000/0025/A00000025949913ko.jpg?l=ko,27000,19900,26.3,1008,5.0,98,1,1,,0,1,1,1,1,A000000259499,ALL
2026-07-28,전체,13,디어소녀,[70만장완판/5분겔팩] 디어소녀 수분폭발 젤리찰떡팩 10매,https://www.oliveyoung.co.kr/store/goods/getGoodsDetail.do?goodsNo=A000000259786,https://image.oliveyoung.co.kr/cfimages/cf-goods/uploads/images/thumbnails/400/10/0000/0025/A00000025978607ko.jpg?l=ko,15000,8000,46.7,1424,4.9,95,4,0,,,1,1,0,1,A000000259786,ALL
2026-07-28,전체,14,딜라이트 프로젝트,딜라이트 프로젝트 베이글칩 모음전,https://www.oliveyoung.co.kr/store/goods/getGoodsDetail.do?goodsNo=A000000219361,https://image.oliveyoung.co.kr/cfimages/cf-goods/uploads/images/thumbnails/400/10/0000/0021/A00000021936128ko.jpg?l=ko,2700,2700,0.0,261086,4.9,90,7,3,0,0,0,0,0,1,A000000219361,ALL
2026-07-28,전체,15,크런틴,[7월 올영픽/NEW 블루베리요거팝] 크런틴 크런치볼 단백질쉐이크 50g 5종 택 1,https://www.oliveyoung.co.kr/store/goods/getGoodsDetail.do?goodsNo=A000000227418,https://image.oliveyoung.co.kr/cfimages/cf-goods/uploads/images/thumbnails/400/10/0000/0022/A00000022741839ko.jpg?l=ko,5900,5900,0.0,37256,4.8,89,7,3,1,1,0,0,0,1,A000000227418,ALL
2026-07-28,전체,16,코자아,코자아 식물성 멜라토닌 함유 젤리/드링크 (단품/기획),https://www.oliveyoung.co.kr/store/goods/getGoodsDetail.do?goodsNo=A000000236755,https://image.oliveyoung.co.kr/cfimages/cf-goods/uploads/images/thumbnails/400/10/0000/0023/A00000023675533ko.png?l=ko,36000,27800,22.8,5762,4.8,91,5,2,1,1,1,1,0,1,A000000236755,ALL
2026-07-28,전체,17,오휘,[하루특가][7월올영픽/모공순삭] 오휘 3아워 블러링 선파우더 기획(+교체퍼프 2개 증정) 2종 (클리어/피치베이지),https://www.oliveyoung.co.kr/store/goods/getGoodsDetail.do?goodsNo=A000000225073,https://image.oliveyoung.co.kr/cfimages/cf-goods/uploads/images/thumbnails/400/10/0000/0022/A00000022507358ko.jpg?l=ko,48000,33900,29.4,1345,4.7,80,12,5,2,2,1,1,1,1,A000000225073,ALL
2026-07-28,전체,18,에스네이처,[썸머기프트/1+1/1등 모공 수분천재크림] 에스네이처 아쿠아 스쿠알란 수분크림 60ml 더블기획,https://www.oliveyoung.co.kr/store/goods/getGoodsDetail.do?goodsNo=A000000192782,https://image.oliveyoung.co.kr/cfimages/cf-goods/uploads/images/thumbnails/400/10/0000/0019/A00000019278290ko.jpg?l=ko,43000,23500,45.3,16219,4.8,86,10,3,1,1,1,0,1,1,A000000192782,ALL
2026-07-28,전체,19,AHC,AHC 마스터즈 에어리치 선스틱 22g 더블 기획,https://www.oliveyoung.co.kr/store/goods/getGoodsDetail.do?goodsNo=A000000259260,https://image.oliveyoung.co.kr/cfimages/cf-goods/uploads/images/thumbnails/400/10/0000/0025/A00000025926010ko.jpg?l=ko,39000,29800,23.6,18742,4.8,89,8,2,0,0,1,1,1,1,A000000259260,ALL
2026-07-28,전체,20,쏘내추럴,[7월 올영픽/한정기획] 쏘내추럴 올 데이 블러 메이크업 세팅 픽서 (+블러프렙10ml 증정) 기획/단품,https://www.oliveyoung.co.kr/store/goods/getGoodsDetail.do?goodsNo=A000000226481,https://image.oliveyoung.co.kr/cfimages/cf-goods/uploads/images/thumbnails/400/10/0000/0022/A00000022648117ko.jpg?l=ko,25000,20000,20.0,3039,4.8,83,12,4,1,0,1,0,0,1,A000000226481,ALL
2026-07-28,전체,21,웰라쥬,[속건조필수템] 웰라쥬 리얼 히알루로닉 블루 100 앰플 75ml 2입 기획,https://www.oliveyoung.co.kr/store/goods/getGoodsDetail.do?goodsNo=A000000231885,https://image.oliveyoung.co.kr/cfimages/cf-goods/uploads/images/thumbnails/400/10/0000/0023/A00000023188527ko.jpg?l=ko,50000,29900,40.2,10026,4.8,89,8,2,0,0,1,0,0,1,A000000231885,ALL
2026-07-28,전체,22,셀리맥스,"[흔적,기미,미백/TXA] 셀리맥스 트라넥삼산 잡티 크림 35ml 기획 (+14ml)",https://www.oliveyoung.co.kr/store/goods/getGoodsDetail.do?goodsNo=A000000253592,https://image.oliveyoung.co.kr/cfimages/cf-goods/uploads/images/thumbnails/400/10/0000/0025/A00000025359211ko.jpg?l=ko,35000,21900,37.4,1322,4.9,93,5,2,0,0,1,1,1,1,A000000253592,ALL
2026-07-28,전체,23,토리든,[립케어 1등/1+1] 토리든 솔리드인 세라마이드 립 에센스 11ml 더블기획,https://www.oliveyoung.co.kr/store/goods/getGoodsDetail.do?goodsNo=A000000162092,https://image.oliveyoung.co.kr/cfimages/cf-goods/uploads/images/thumbnails/400/10/0000/0016/A00000016209252ko.jpg?l=ko,10000,8000,20.0,32701,4.8,86,10,3,1,1,1,0,0,1,A000000162092,ALL
2026-07-28,전체,24,어노브,[4년 연속 1위] 어노브 딥 데미지 리페어 헤어 마스크 (트리트먼트/헤어팩) 320ml 더블/듀오 기획,https://www.oliveyoung.co.kr/store/goods/getGoodsDetail.do?goodsNo=A000000171423,https://image.oliveyoung.co.kr/cfimages/cf-goods/uploads/images/thumbnails/400/10/0000/0017/A000000171423163ko.png?l=ko,42000,28800,31.4,87432,4.9,89,8,2,0,0,1,1,1,1,A000000171423,ALL
2026-07-28,전체,25,릴리이브,[대용량/브러쉬원조] 릴리이브 그로우턴 엑소좀 브러쉬 앰플 기획 2종,https://www.oliveyoung.co.kr/store/goods/getGoodsDetail.do?goodsNo=A000000218845,https://image.oliveyoung.co.kr/cfimages/cf-goods/uploads/images/thumbnails/400/10/0000/0021/A00000021884565ko.jpg?l=ko,39800,38800,2.5,12049,4.8,86,10,3,1,1,1,0,0,1,A000000218845,ALL
2026-07-28,전체,26,바닐라코,[7월올영픽/1+1] 바닐라코 무드 온 라인 앤 블렌드 아이라이너 (펜슬/트임) 8colors,https://www.oliveyoung.co.kr/store/goods/getGoodsDetail.do?goodsNo=A000000226202,https://image.oliveyoung.co.kr/cfimages/cf-goods/uploads/images/thumbnails/400/10/0000/0022/A00000022620223ko.jpg?l=ko,12000,12000,0.0,3731,4.7,81,14,4,1,1,0,0,1,1,A000000226202,ALL
2026-07-28,전체,27,헤라,[7월올영픽/프리미엄 1위] 헤라 블랙 쿠션 파운데이션 기획 (15g+15g) 9 Colors,https://www.oliveyoung.co.kr/store/goods/getGoodsDetail.do?goodsNo=A000000202777,https://image.oliveyoung.co.kr/cfimages/cf-goods/uploads/images/thumbnails/400/10/0000/0020/A00000020277790ko.jpg?l=ko,74000,59940,19.0,17030,4.8,85,11,3,1,1,1,1,1,1,A000000202777,ALL
2026-07-28,전체,28,구달,[1등 선크림/화잘먹] 구달 맑은 어성초 진정 수분 선크림 50ml 1+1 기획,https://www.oliveyoung.co.kr/store/goods/getGoodsDetail.do?goodsNo=A000000219553,https://image.oliveyoung.co.kr/cfimages/cf-goods/uploads/images/thumbnails/400/10/0000/0021/A00000021955352ko.jpg?l=ko,22000,17900,18.6,43266,4.9,90,8,2,0,0,1,1,0,1,A000000219553,ALL
2026-07-28,전체,29,에스트라,[올영 어워즈 1등 크림] 에스트라 아토베리어365 크림 80ml,https://www.oliveyoung.co.kr/store/goods/getGoodsDetail.do?goodsNo=A000000198320,https://image.oliveyoung.co.kr/cfimages/cf-goods/uploads/images/thumbnails/400/10/0000/0019/A00000019832009ko.jpg?l=ko,33000,29700,10.0,6974,4.8,89,8,2,1,1,1,0,1,1,A000000198320,ALL
2026-07-28,전체,30,딜라이트 프로젝트,딜라이트 프로젝트 단백질쉐이크 45g 택1,https://www.oliveyoung.co.kr/store/goods/getGoodsDetail.do?goodsNo=A000000208162,https://image.oliveyoung.co.kr/cfimages/cf-goods/uploads/images/thumbnails/400/10/0000/0020/A00000020816263ko.jpg?l=ko,3900,3900,0.0,42879,4.8,90,7,3,0,0,0,0,0,1,A000000208162,ALL
2026-07-28,전체,31,코링코,[1등 속눈썹/또렷눈매] 코링코 톡톡하라 노글루 속눈썹 15종 택1,https://www.oliveyoung.co.kr/store/goods/getGoodsDetail.do?goodsNo=A000000213569,https://image.oliveyoung.co.kr/cfimages/cf-goods/uploads/images/thumbnails/400/10/0000/0021/A00000021356928ko.jpg?l=ko,22000,13500,38.6,18194,4.8,84,11,4,1,1,1,1,0,1,A000000213569,ALL
2026-07-28,전체,32,에스트라,[7월 올영픽] 에스트라 아토베리어365 하이드로 수딩크림 80ml 기획 (+수딩크림 10ml+클렌징폼 30g),https://www.oliveyoung.co.kr/store/goods/getGoodsDetail.do?goodsNo=A000000258834,https://image.oliveyoung.co.kr/cfimages/cf-goods/uploads/images/thumbnails/400/10/0000/0025/A00000025883410ko.jpg?l=ko,33000,26400,20.0,12484,4.8,88,9,2,0,1,1,1,1,1,A000000258834,ALL
2026-07-28,전체,33,비플레인,[말끔모공/국민클폼]비플레인 녹두 약산성 클렌징폼기획 160ml+40ml 기획,https://www.oliveyoung.co.kr/store/goods/getGoodsDetail.do?goodsNo=A000000187479,https://image.oliveyoung.co.kr/cfimages/cf-goods/uploads/images/thumbnails/400/10/0000/0018/A00000018747916ko.jpg?l=ko,21900,18600,15.1,17595,4.9,89,9,2,0,0,1,0,0,1,A000000187479,ALL
2026-07-28,전체,34,브링그린,[7월올영픽/3일진정세럼]브링그린 징크테카 트러블 세럼 대용량 기획,https://www.oliveyoung.co.kr/store/goods/getGoodsDetail.do?goodsNo=A000000200646,https://image.oliveyoung.co.kr/cfimages/cf-goods/uploads/images/thumbnails/400/10/0000/0020/A000000200646128ko.jpg?l=ko,56100,29800,46.9,22058,4.7,82,12,4,1,1,1,0,1,1,A000000200646,ALL
2026-07-28,전체,35,마녀공장,[블랙헤드1등] 마녀공장 퓨어 소이빈 클렌징오일 200ml 2입 기획,https://www.oliveyoung.co.kr/store/goods/getGoodsDetail.do?goodsNo=A000000253617,https://image.oliveyoung.co.kr/cfimages/cf-goods/uploads/images/thumbnails/400/10/0000/0025/A00000025361746ko.jpg?l=ko,37000,25900,30.0,54140,4.8,86,10,3,0,0,1,0,0,1,A000000253617,ALL
2026-07-28,전체,36,티젠,티젠 요밀 4종 (오리지널/스트로베리/팥빙수/씨앗호떡) 단백질쉐이크  45g,https://www.oliveyoung.co.kr/store/goods/getGoodsDetail.do?goodsNo=A000000233194,https://image.oliveyoung.co.kr/cfimages/cf-goods/uploads/images/thumbnails/400/10/0000/0023/A00000023319420ko.jpg?l=ko,5200,3300,36.5,5698,4.8,86,8,4,1,1,1,0,0,1,A000000233194,ALL
2026-07-28,전체,37,프리메라,[7월올영픽] 프리메라 메가-샷 겔마스크 3종 기획/단품 골라담기 (비타티놀/PDRN/3C히알루론산),https://www.oliveyoung.co.kr/store/goods/getGoodsDetail.do?goodsNo=A000000248965,https://image.oliveyoung.co.kr/cfimages/cf-goods/uploads/images/thumbnails/400/10/0000/0024/A00000024896536ko.jpg?l=ko,28000,18700,33.2,7655,4.8,87,9,3,0,0,1,1,1,1,A000000248965,ALL
2026-07-28,전체,38,라운드랩,[1+1/수분썬] 라운드랩 자작나무 수분 선크림 50ml 더블 기획,https://www.oliveyoung.co.kr/store/goods/getGoodsDetail.do?goodsNo=A000000171650,https://image.oliveyoung.co.kr/cfimages/cf-goods/uploads/images/thumbnails/400/10/0000/0017/A00000017165043ko.jpg?l=ko,37500,24500,34.7,22850,4.8,87,10,2,0,0,1,0,0,1,A000000171650,ALL
2026-07-28,전체,39,바이오던스,[7월 올영픽/7+1] 바이오던스 리얼 딥 마스크 7+1매 기획 (콜라겐/세라놀) (+퍼글러 헤어 고정 시트),https://www.oliveyoung.co.kr/store/goods/getGoodsDetail.do?goodsNo=A000000259232,https://image.oliveyoung.co.kr/cfimages/cf-goods/uploads/images/thumbnails/400/10/0000/0025/A00000025923218ko.jpg?l=ko,35000,29900,14.6,7341,4.8,86,9,3,1,1,1,0,0,1,A000000259232,ALL
2026-07-28,전체,40,토니모리,[핑크모브 출시/7월올영픽/증정 소진 완료] 토니모리 퍼펙트 립스 쇼킹 립,https://www.oliveyoung.co.kr/store/goods/getGoodsDetail.do?goodsNo=A000000205485,https://image.oliveyoung.co.kr/cfimages/cf-goods/uploads/images/thumbnails/400/10/0000/0020/A000000205485156ko.png?l=ko,15000,10500,30.0,61200,4.8,88,8,3,1,1,1,1,1,1,A000000205485,ALL
2026-07-28,전체,41,정샘물,[여름에디션기획/미니쿠션증정] 정샘물 에센셜 스킨 누더 쿠션/본품+리필,https://www.oliveyoung.co.kr/store/goods/getGoodsDetail.do?goodsNo=A000000139063,https://image.oliveyoung.co.kr/cfimages/cf-goods/uploads/images/thumbnails/400/10/0000/0013/A000000139063178ko.jpg?l=ko,48000,38400,20.0,37824,4.7,81,13,4,1,1,1,0,1,1,A000000139063,ALL
2026-07-28,전체,42,비디비치,[7월올영픽/리퀴드블러시 증정] 비디비치 블랙 퍼펙션 커버 핏 쿠션,https://www.oliveyoung.co.kr/store/goods/getGoodsDetail.do?goodsNo=A000000233171,https://image.oliveyoung.co.kr/cfimages/cf-goods/uploads/images/thumbnails/400/10/0000/0023/A00000023317132ko.jpg?l=ko,46000,36800,20.0,7723,4.7,83,11,4,1,1,1,1,1,1,A000000233171,ALL
2026-07-28,전체,43,라로슈포제,[손상장벽집중케어] 라로슈포제 시카플라스트 밤 B5+ 100ml 기획 (+3ml 추가증정),https://www.oliveyoung.co.kr/store/goods/getGoodsDetail.do?goodsNo=A000000206904,https://image.oliveyoung.co.kr/cfimages/cf-goods/uploads/images/thumbnails/400/10/0000/0020/A00000020690409ko.jpg?l=ko,41000,36900,10.0,25982,4.8,86,10,3,1,1,1,0,1,1,A000000206904,ALL
2026-07-28,전체,44,메디힐,[7월 올영픽/마스코트 파우치 증정] 메디힐 마데카소사이드 수분 선세럼 흔적 리페어 50g +50g 더블기획,https://www.oliveyoung.co.kr/store/goods/getGoodsDetail.do?goodsNo=A000000259586,https://image.oliveyoung.co.kr/cfimages/cf-goods/uploads/images/thumbnails/400/10/0000/0025/A00000025958639ko.jpg?l=ko,34900,22900,34.4,9459,4.9,90,7,2,0,1,1,0,1,1,A000000259586,ALL
2026-07-28,전체,45,아로셀,[3초완성/화잘먹] 아로셀 슈퍼 콜라겐 버블 세럼 마스크 (90회분),https://www.oliveyoung.co.kr/store/goods/getGoodsDetail.do?goodsNo=A000000246270,https://image.oliveyoung.co.kr/cfimages/cf-goods/uploads/images/thumbnails/400/10/0000/0024/A00000024627027ko.jpg?l=ko,32000,25600,20.0,2631,4.9,96,2,1,0,0,1,0,1,1,A000000246270,ALL
2026-07-28,전체,46,홀리카홀리카,[NEW젤테일] 홀리카홀리카 마이페이브 피스 아이섀도우/젤테일/피스 빔/피스 밤,https://www.oliveyoung.co.kr/store/goods/getGoodsDetail.do?goodsNo=A000000174309,https://image.oliveyoung.co.kr/cfimages/cf-goods/uploads/images/thumbnails/400/10/0000/0017/A00000017430960ko.jpg?l=ko,6000,4800,20.0,197377,4.8,85,11,3,0,0,0,1,0,1,A000000174309,ALL
2026-07-28,전체,47,라곰,[수분민감/미세먼지OUT] 라곰 셀럽 마이크로 폼 클렌저 기획 택1,https://www.oliveyoung.co.kr/store/goods/getGoodsDetail.do?goodsNo=A000000230821,https://image.oliveyoung.co.kr/cfimages/cf-goods/uploads/images/thumbnails/400/10/0000/0023/A00000023082150ko.jpg?l=ko,29000,23300,19.7,21672,4.8,88,9,3,0,0,1,1,1,1,A000000230821,ALL
2026-07-28,전체,48,토니모리,[키츠샵 공동개발 컬러 런칭/ 7월 올영픽] 토니모리 겟잇 틴트 워터풀 시럽,https://www.oliveyoung.co.kr/store/goods/getGoodsDetail.do?goodsNo=A000000223922,https://image.oliveyoung.co.kr/cfimages/cf-goods/uploads/images/thumbnails/400/10/0000/0022/A000000223922100ko.png?l=ko,16000,12000,25.0,37059,4.9,90,7,2,0,0,1,0,1,1,A000000223922,ALL
2026-07-28,전체,49,랑콤,[7월올영픽/탄력밀도세럼] 랑콤 제니피끄 세럼 기획/단품 (20ml/30ml/50ml),https://www.oliveyoung.co.kr/store/goods/getGoodsDetail.do?goodsNo=A000000229221,https://image.oliveyoung.co.kr/cfimages/cf-goods/uploads/images/thumbnails/400/10/0000/0022/A000000229221106ko.jpg?l=ko,55000,44430,19.2,449,4.8,88,9,2,0,1,1,1,1,1,A000000229221,ALL
2026-07-28,전체,50,닥터지,[7월올영픽] 닥터지 레드블레미쉬 클리어 수딩크림 EX 70ml기획 (+30ml+세럼10ml*2ea),https://www.oliveyoung.co.kr/store/goods/getGoodsDetail.do?goodsNo=A000000255752,https://image.oliveyoung.co.kr/cfimages/cf-goods/uploads/images/thumbnails/400/10/0000/0025/A00000025575218ko.jpeg?l=ko,38000,26600,30.0,2680,5.0,98,1,0,0,0,1,0,0,1,A000000255752,ALL
2026-07-28,전체,51,아누아,[박희선Pick/대용량] 아누아 어성초 포어 컨트롤 클렌징오일 350ml,https://www.oliveyoung.co.kr/store/goods/getGoodsDetail.do?goodsNo=A000000191483,https://image.oliveyoung.co.kr/cfimages/cf-goods/uploads/images/thumbnails/400/10/0000/0019/A00000019148314ko.png?l=ko,29900,21900,26.8,11048,4.7,81,13,5,1,1,1,0,0,1,A000000191483,ALL
2026-07-28,전체,52,바닐라코,[7월올영픽/1등 파우더] 바닐라코 프라임 프라이머 피니쉬 파우더 12g,https://www.oliveyoung.co.kr/store/goods/getGoodsDetail.do?goodsNo=A000000253093,https://image.oliveyoung.co.kr/cfimages/cf-goods/uploads/images/thumbnails/400/10/0000/0025/A00000025309313ko.jpg?l=ko,22000,15400,30.0,44805,4.8,86,10,3,0,0,1,0,1,1,A000000253093,ALL
2026-07-28,전체,53,메디힐,"[단독기획] 메디힐 콜라겐 캡슐 패치 60+60매 더블 기획 2종 (레티놀, 비타민C)",https://www.oliveyoung.co.kr/store/goods/getGoodsDetail.do?goodsNo=A000000233470,https://image.oliveyoung.co.kr/cfimages/cf-goods/uploads/images/thumbnails/400/10/0000/0023/A00000023347020ko.png?l=ko,45000,25900,42.4,6104,4.7,81,12,5,1,1,1,1,1,1,A000000233470,ALL
2026-07-28,전체,54,닥터지,[7월올영픽/무기자차] 닥터지 그린 마일드 업 선 플러스50ml 기획 (50ml+50ml+10ml) (선크림),https://www.oliveyoung.co.kr/store/goods/getGoodsDetail.do?goodsNo=A000000180162,https://image.oliveyoung.co.kr/cfimages/cf-goods/uploads/images/thumbnails/400/10/0000/0018/A00000018016254ko.jpg?l=ko,29000,24800,14.5,25795,4.8,83,13,3,0,0,1,0,0,1,A000000180162,ALL
2026-07-28,전체,55,이니스프리,[1+1] 이니스프리 비타민C 캡슐 세럼 30ml 더블 기획,https://www.oliveyoung.co.kr/store/goods/getGoodsDetail.do?goodsNo=A000000230206,https://image.oliveyoung.co.kr/cfimages/cf-goods/uploads/images/thumbnails/400/10/0000/0023/A00000023020657ko.png?l=ko,49000,28910,41.0,16298,4.8,87,10,3,0,0,1,0,1,1,A000000230206,ALL
2026-07-28,전체,56,셀라딕스,[조유리 PICK/트러블1등] 셀라딕스 트러블 세범 리밸런싱 131 앰플 30ml,https://www.oliveyoung.co.kr/store/goods/getGoodsDetail.do?goodsNo=A000000224494,https://image.oliveyoung.co.kr/cfimages/cf-goods/uploads/images/thumbnails/400/10/0000/0022/A00000022449419ko.jpg?l=ko,28900,25400,12.1,5156,4.7,83,9,4,1,2,1,0,0,1,A000000224494,ALL
2026-07-28,전체,57,지노큐어,[안주미PICK] 지노큐어 매일 쓰는 여성청결제 150ml 2종 택 1(자스민/백합),https://www.oliveyoung.co.kr/store/goods/getGoodsDetail.do?goodsNo=A000000246011,https://image.oliveyoung.co.kr/cfimages/cf-goods/uploads/images/thumbnails/400/10/0000/0024/A00000024601121ko.png?l=ko,24900,19400,22.1,152,5.0,98,1,1,,1,1,1,1,1,A000000246011,ALL
2026-07-28,전체,58,AHC,[이사배PICK]AHC 마스터즈 아이시 젤리 선스틱 14g,https://www.oliveyoung.co.kr/store/goods/getGoodsDetail.do?goodsNo=A000000250210,https://image.oliveyoung.co.kr/cfimages/cf-goods/uploads/images/thumbnails/400/10/0000/0025/A00000025021019ko.jpg?l=ko,18900,17200,9.0,3183,4.8,89,7,2,1,1,1,1,1,1,A000000250210,ALL
2026-07-28,전체,59,VT,[베일리pick/단독기획] VT 피디알엔 리들샷 아이 리프터 15ml 리필기획 (+리필 15ml),https://www.oliveyoung.co.kr/store/goods/getGoodsDetail.do?goodsNo=A000000260515,https://image.oliveyoung.co.kr/cfimages/cf-goods/uploads/images/thumbnails/400/10/0000/0026/A00000026051506ko.jpg?l=ko,42000,27900,33.6,1980,4.9,93,6,1,0,0,1,0,0,1,A000000260515,ALL
2026-07-28,전체,60,오하입,[아이돌 관리템] 오하입 본딩 알파 케라틴 헤어팩 260g,https://www.oliveyoung.co.kr/store/goods/getGoodsDetail.do?goodsNo=A000000259487,https://image.oliveyoung.co.kr/cfimages/cf-goods/uploads/images/thumbnails/400/10/0000/0025/A00000025948709ko.jpg?l=ko,28000,22900,18.2,130,4.9,90,8,2,,,1,1,1,1,A000000259487,ALL
2026-07-28,전체,61,메디힐,[장도연 PICK] 메디힐 마데카소사이드 흔적 리페어 세럼 40+40ml,https://www.oliveyoung.co.kr/store/goods/getGoodsDetail.do?goodsNo=A000000211119,https://image.oliveyoung.co.kr/cfimages/cf-goods/uploads/images/thumbnails/400/10/0000/0021/A00000021111992ko.png?l=ko,36900,22900,37.9,42889,4.7,82,12,4,1,1,1,0,1,1,A000000211119,ALL
2026-07-28,전체,62,스킨푸드,[1+1/한정기획] 스킨푸드 캐롯 카로틴 카밍 워터 패드 60매 더블기획 (+PDRN 패드 2매*3),https://www.oliveyoung.co.kr/store/goods/getGoodsDetail.do?goodsNo=A000000255585,https://image.oliveyoung.co.kr/cfimages/cf-goods/uploads/images/thumbnails/400/10/0000/0025/A00000025558508ko.jpg?l=ko,42000,26200,37.6,103079,4.8,89,8,2,0,1,1,0,0,1,A000000255585,ALL
2026-07-28,전체,63,닥터지,[7월올영픽][보송톤업/파데프리] 닥터지 브라이트닝 업 선 플러스 50+50+10ml 증정기획 (선크림),https://www.oliveyoung.co.kr/store/goods/getGoodsDetail.do?goodsNo=A000000180158,https://image.oliveyoung.co.kr/cfimages/cf-goods/uploads/images/thumbnails/400/10/0000/0018/A00000018015845ko.jpg?l=ko,32000,25600,20.0,13161,4.8,85,12,2,0,0,1,0,0,1,A000000180158,ALL
2026-07-28,전체,64,페리페라,페리페라 스피디 스키니 브로우 8 Colors (단품/더블),https://www.oliveyoung.co.kr/store/goods/getGoodsDetail.do?goodsNo=A000000138671,https://image.oliveyoung.co.kr/cfimages/cf-goods/uploads/images/thumbnails/400/10/0000/0013/A00000013867156ko.jpg?l=ko,6000,6000,0.0,97969,4.8,86,11,3,0,0,0,0,0,1,A000000138671,ALL
2026-07-28,전체,65,헤라,[7월올영픽/마블컬렉션] 헤라 센슈얼 누드 글로스 5g 13 Colors 기획/단품,https://www.oliveyoung.co.kr/store/goods/getGoodsDetail.do?goodsNo=A000000177984,https://image.oliveyoung.co.kr/cfimages/cf-goods/uploads/images/thumbnails/400/10/0000/0017/A000000177984110ko.jpg?l=ko,40000,32400,19.0,16614,4.8,87,10,3,0,0,1,1,1,1,A000000177984,ALL
2026-07-28,전체,66,루치펠로,[NEW] 루치펠로 오션다이브 칫솔 1입/4입,https://www.oliveyoung.co.kr/store/goods/getGoodsDetail.do?goodsNo=A000000262240,https://image.oliveyoung.co.kr/cfimages/cf-goods/uploads/images/thumbnails/400/10/0000/0026/A00000026224008ko.jpg?l=ko,17500,9810,43.9,3,5.0,100,,,,,1,1,1,1,A000000262240,ALL
2026-07-28,전체,67,바이오더마,바이오더마 센시비오 H2O 850ml(클렌징워터),https://www.oliveyoung.co.kr/store/goods/getGoodsDetail.do?goodsNo=A000000130319,https://image.oliveyoung.co.kr/cfimages/cf-goods/uploads/images/thumbnails/400/10/0000/0013/A00000013031984ko.jpg?l=ko,37500,25900,30.9,52463,4.9,91,7,1,0,0,1,0,1,1,A000000130319,ALL
2026-07-28,전체,68,비욘드,[두피 유분/각질 케어]비욘드 프로페셔널 디펜스 샴푸 500ml(믹스베리향/비건),https://www.oliveyoung.co.kr/store/goods/getGoodsDetail.do?goodsNo=A000000245645,https://image.oliveyoung.co.kr/cfimages/cf-goods/uploads/images/thumbnails/400/10/0000/0024/A00000024564503ko.jpg?l=ko,33000,33000,0.0,153,4.9,92,7,1,,,0,0,1,1,A000000245645,ALL
2026-07-28,전체,69,비욘드,비욘드 프로페셔널 디펜스 트리트먼트 500ml,https://www.oliveyoung.co.kr/store/goods/getGoodsDetail.do?goodsNo=A000000245646,https://image.oliveyoung.co.kr/cfimages/cf-goods/uploads/images/thumbnails/400/10/0000/0024/A00000024564601ko.jpg?l=ko,33000,33000,0.0,2,5.0,100,,,,,0,0,1,1,A000000245646,ALL
2026-07-28,전체,70,키스미,[한정수량/올영픽 1+1기획] 키스미 스무스 리퀴드 아이라이너 N (3 color) (단품/기획),https://www.oliveyoung.co.kr/store/goods/getGoodsDetail.do?goodsNo=A000000185974,https://image.oliveyoung.co.kr/cfimages/cf-goods/uploads/images/thumbnails/400/10/0000/0018/A00000018597480ko.jpg?l=ko,18000,17800,1.1,48968,4.8,87,10,3,0,0,1,0,0,1,A000000185974,ALL
2026-07-28,전체,71,가쉬,[대용량버블팩] 가쉬 모공/기미/PDRN버블팩 골라담기 (150회분),https://www.oliveyoung.co.kr/store/goods/getGoodsDetail.do?goodsNo=A000000235842,https://image.oliveyoung.co.kr/cfimages/cf-goods/uploads/images/thumbnails/400/10/0000/0023/A00000023584275ko.png?l=ko,36900,27800,24.7,2952,4.9,90,6,2,0,0,1,1,1,1,A000000235842,ALL
2026-07-28,전체,72,VT,[포켓몬 에디션] VT 피디알엔 에센스 100 30ml 더블 기획 (+포켓몬 장바구니 키링),https://www.oliveyoung.co.kr/store/goods/getGoodsDetail.do?goodsNo=A000000254065,https://image.oliveyoung.co.kr/cfimages/cf-goods/uploads/images/thumbnails/400/10/0000/0025/A00000025406511ko.jpg?l=ko,67500,36960,45.2,7352,4.9,93,5,1,0,0,1,1,0,1,A000000254065,ALL
2026-07-28,전체,73,루치펠로,[고불소/NEW] 루치펠로 유칼립투스 앤 민트/라임 앤 씨솔트 치약 105g,https://www.oliveyoung.co.kr/store/goods/getGoodsDetail.do?goodsNo=A000000262623,https://image.oliveyoung.co.kr/cfimages/cf-goods/uploads/images/thumbnails/400/10/0000/0026/A00000026262302ko.jpg?l=ko,11900,7400,37.8,2,5.0,100,,,,,1,1,1,1,A000000262623,ALL
2026-07-28,전체,74,바이오가,[7월 올영픽/대용량] 바이오가 바이오틴 손상모발개선 탈모완화 샴푸 돌콩배아 1000ml,https://www.oliveyoung.co.kr/store/goods/getGoodsDetail.do?goodsNo=A000000201277,https://image.oliveyoung.co.kr/cfimages/cf-goods/uploads/images/thumbnails/400/10/0000/0020/A00000020127758ko.png?l=ko,27500,24200,12.0,7990,4.8,89,7,2,0,1,1,0,0,1,A000000201277,ALL
2026-07-28,전체,75,디오디너리,[트러블모공] 디오디너리 나이아신아마이드 10% + 징크 1% 60ml,https://www.oliveyoung.co.kr/store/goods/getGoodsDetail.do?goodsNo=A000000158615,https://image.oliveyoung.co.kr/cfimages/cf-goods/uploads/images/thumbnails/400/10/0000/0015/A00000015861506ko.jpg?l=ko,15700,15700,0.0,12354,4.7,81,13,4,1,1,0,0,0,1,A000000158615,ALL
2026-07-28,전체,76,크리니크,[7월올영픽/김고은PICK]크리니크 치크 팝 12 colors 기획/단품,https://www.oliveyoung.co.kr/store/goods/getGoodsDetail.do?goodsNo=A000000158991,https://image.oliveyoung.co.kr/cfimages/cf-goods/uploads/images/thumbnails/400/10/0000/0015/A000000158991110ko.jpg?l=ko,36000,25500,29.2,33942,4.8,87,10,2,0,0,1,1,1,1,A000000158991,ALL
2026-07-28,전체,77,라로슈포제,[7월 올영픽] 라로슈포제 시카플라스트 멀티 리페어 크림 100ml (+시카에센스 7.5ml),https://www.oliveyoung.co.kr/store/goods/getGoodsDetail.do?goodsNo=A000000257827,https://image.oliveyoung.co.kr/cfimages/cf-goods/uploads/images/thumbnails/400/10/0000/0025/A00000025782709ko.jpg?l=ko,52000,41600,20.0,18130,4.8,84,11,4,1,1,1,0,1,1,A000000257827,ALL
2026-07-28,전체,78,식물나라,[5중프루프] 식물나라 워터프루프 선 크림 100mL,https://www.oliveyoung.co.kr/store/goods/getGoodsDetail.do?goodsNo=A000000151904,https://image.oliveyoung.co.kr/cfimages/cf-goods/uploads/images/thumbnails/400/10/0000/0015/A00000015190429ko.jpg?l=ko,19000,10800,43.2,12597,4.8,83,12,4,1,0,1,0,0,1,A000000151904,ALL
2026-07-28,전체,79,디어스킨,디어스킨 리얼모달 생리대 7종 택 1(패드 / 라이너 / 슈퍼롱 / 입는오버),https://www.oliveyoung.co.kr/store/goods/getGoodsDetail.do?goodsNo=A000000170042,https://image.oliveyoung.co.kr/cfimages/cf-goods/uploads/images/thumbnails/400/10/0000/0017/A00000017004228ko.jpg?l=ko,6400,5760,10.0,24555,4.8,88,9,2,0,0,0,1,0,1,A000000170042,ALL
2026-07-28,전체,80,토리든,토리든 마스크 시트 1매 4종 택 1(수분/진정/브라이트닝/모공)(AD),https://www.oliveyoung.co.kr/store/goods/getGoodsDetail.do?goodsNo=A000000257738,https://image.oliveyoung.co.kr/cfimages/cf-goods/uploads/images/thumbnails/400/10/0000/0025/A00000025773803ko.jpg?l=ko,3000,1500,50.0,855,4.9,89,8,2,,0,1,0,0,1,A000000257738,ALL
2026-07-28,전체,81,클리오,[NO.1 아이라이너] 클리오 샤프 쏘 심플 워터프루프 펜슬라이너 단품/더블기획,https://www.oliveyoung.co.kr/store/goods/getGoodsDetail.do?goodsNo=A000000198343,https://image.oliveyoung.co.kr/cfimages/cf-goods/uploads/images/thumbnails/400/10/0000/0019/A00000019834327ko.jpg?l=ko,11000,7700,30.0,133803,4.8,82,13,4,1,0,1,0,0,1,A000000198343,ALL
2026-07-28,전체,82,메디큐브,[1등미백앰플]메디큐브 PDRN 핑크 펩타이드 앰플 30ml 리필기획(+리필팩50ml+거울키링),https://www.oliveyoung.co.kr/store/goods/getGoodsDetail.do?goodsNo=A000000255620,https://image.oliveyoung.co.kr/cfimages/cf-goods/uploads/images/thumbnails/400/10/0000/0025/A00000025562031ko.jpg?l=ko,46000,24500,46.7,25409,4.7,84,10,4,1,1,1,1,1,1,A000000255620,ALL
2026-07-28,전체,83,메디힐,[15년연속 1위] 메디힐 에센셜 마스크팩 1매 고기능 7종 골라담기,https://www.oliveyoung.co.kr/store/goods/getGoodsDetail.do?goodsNo=A000000217620,https://image.oliveyoung.co.kr/cfimages/cf-goods/uploads/images/thumbnails/400/10/0000/0021/A00000021762059ko.png?l=ko,2000,1000,50.0,508408,4.9,89,8,2,0,0,1,0,1,1,A000000217620,ALL
2026-07-28,전체,84,메디힐,[87관왕 No.1] 메디힐 더마 토너패드 100매 7종 피부 고민별 골라담기,https://www.oliveyoung.co.kr/store/goods/getGoodsDetail.do?goodsNo=A000000171426,https://image.oliveyoung.co.kr/cfimages/cf-goods/uploads/images/thumbnails/400/10/0000/0017/A000000171426102ko.png?l=ko,26000,17900,31.2,81512,4.8,86,10,3,1,1,1,0,1,1,A000000171426,ALL
2026-07-28,전체,85,쏘피,쏘피 쿨링프레쉬 생리대 19종 택 1 (패드/안심숙면팬티/라이너/번들),https://www.oliveyoung.co.kr/store/goods/getGoodsDetail.do?goodsNo=A000000223283,https://image.oliveyoung.co.kr/cfimages/cf-goods/uploads/images/thumbnails/400/10/0000/0022/A00000022328370ko.jpg?l=ko,7900,3900,50.6,50414,4.8,87,8,3,1,1,1,0,0,1,A000000223283,ALL
2026-07-28,전체,86,일소,[7월 올영픽/짱구 콜라보] 일소 슈퍼 멜팅 세범 소프트너 150ml 기획 (+스티커2종+제거기+솜40매),https://www.oliveyoung.co.kr/store/goods/getGoodsDetail.do?goodsNo=A000000258917,https://image.oliveyoung.co.kr/cfimages/cf-goods/uploads/images/thumbnails/400/10/0000/0025/A00000025891705ko.jpg?l=ko,26000,17900,31.2,14447,4.8,86,10,3,1,0,1,1,1,1,A000000258917,ALL
2026-07-28,전체,87,풀리,[폼폼푸린 에디션/한정기획] 풀리 토마토 팩클렌저 기획 2종 택1 (그린/레드),https://www.oliveyoung.co.kr/store/goods/getGoodsDetail.do?goodsNo=A000000260188,https://image.oliveyoung.co.kr/cfimages/cf-goods/uploads/images/thumbnails/400/10/0000/0026/A00000026018803ko.jpg?l=ko,24000,16900,29.6,333,4.7,84,9,5,1,1,1,1,0,1,A000000260188,ALL
2026-07-28,전체,88,오브제,[7월올영픽/미피 손거울 증정] 오브제 포어 제로 오일 컨트롤 선스틱 18g 단품/기획,https://www.oliveyoung.co.kr/store/goods/getGoodsDetail.do?goodsNo=A000000238816,https://image.oliveyoung.co.kr/cfimages/cf-goods/uploads/images/thumbnails/400/10/0000/0023/A00000023881616ko.jpg?l=ko,25000,18900,24.4,5182,4.9,90,7,2,0,0,1,0,1,1,A000000238816,ALL
2026-07-28,전체,89,아떼,[7월올영픽/이나연Pick/본품치크증정] 아떼 어센틱 립 글로이 밤 기획/단품,https://www.oliveyoung.co.kr/store/goods/getGoodsDetail.do?goodsNo=A000000223349,https://image.oliveyoung.co.kr/cfimages/cf-goods/uploads/images/thumbnails/400/10/0000/0022/A00000022334955ko.png?l=ko,33000,23900,27.6,3318,4.8,85,10,4,1,1,1,1,1,1,A000000223349,ALL
2026-07-28,전체,90,바이오코어유산균,CJ 바이오코어 비피더스 다이어트 유산균 14캡슐 (2주분),https://www.oliveyoung.co.kr/store/goods/getGoodsDetail.do?goodsNo=A000000259858,https://image.oliveyoung.co.kr/cfimages/cf-goods/uploads/images/thumbnails/400/10/0000/0025/A00000025985804ko.jpg?l=ko,22900,17900,21.8,4,5.0,100,,,,,1,0,0,1,A000000259858,ALL
2026-07-28,전체,91,일리윤,[7월 올영픽/NEW]일리윤 세라마이드 아토 선로션 330ml,https://www.oliveyoung.co.kr/store/goods/getGoodsDetail.do?goodsNo=A000000258254,https://image.oliveyoung.co.kr/cfimages/cf-goods/uploads/images/thumbnails/400/10/0000/0025/A00000025825406ko.jpg?l=ko,30000,22500,25.0,386,4.8,90,6,2,1,1,1,1,0,1,A000000258254,ALL
2026-07-28,전체,92,이옴,[트러블흡착/최예나PICK] 이옴 트러블 패치 마스크 3매,https://www.oliveyoung.co.kr/store/goods/getGoodsDetail.do?goodsNo=A000000248829,https://image.oliveyoung.co.kr/cfimages/cf-goods/uploads/images/thumbnails/400/10/0000/0024/A00000024882918ko.jpg?l=ko,21000,14700,30.0,5224,4.7,82,9,6,2,1,1,0,0,1,A000000248829,ALL
2026-07-28,전체,93,닥터지,[7월올영픽/1+1/수분진정] 닥터지 레드블레미쉬 클리어 히알시카수딩세럼 50ml기획 (+50ml리필),https://www.oliveyoung.co.kr/store/goods/getGoodsDetail.do?goodsNo=A000000252982,https://image.oliveyoung.co.kr/cfimages/cf-goods/uploads/images/thumbnails/400/10/0000/0025/A00000025298213ko.jpg?l=ko,40000,19900,50.2,4967,4.8,85,10,3,1,1,1,1,0,1,A000000252982,ALL
2026-07-28,전체,94,쏘내추럴,[1위픽서] 쏘내추럴 올 데이 타이트 메이크업 세팅 픽서 120ml 더블기획 (120ml+120ml),https://www.oliveyoung.co.kr/store/goods/getGoodsDetail.do?goodsNo=A000000162114,https://image.oliveyoung.co.kr/cfimages/cf-goods/uploads/images/thumbnails/400/10/0000/0016/A00000016211441ko.jpg?l=ko,42000,31900,24.0,50663,4.8,84,12,4,1,0,1,1,0,1,A000000162114,ALL
2026-07-28,전체,95,에스트라,[7월 올영픽] (50%용량증정) 에스트라 더마UV365 장벽수분 무기자차 선크림 40ml+20ml,https://www.oliveyoung.co.kr/store/goods/getGoodsDetail.do?goodsNo=A000000206826,https://image.oliveyoung.co.kr/cfimages/cf-goods/uploads/images/thumbnails/400/10/0000/0020/A00000020682629ko.jpg?l=ko,31000,21700,30.0,9104,4.8,85,11,3,1,1,1,0,0,1,A000000206826,ALL
2026-07-28,전체,96,셀리맥스,[단독기획/모공탄력] 셀리맥스 더 비타 A 레티날 샷 타이트닝 부스터 15ml 기획(+3ml),https://www.oliveyoung.co.kr/store/goods/getGoodsDetail.do?goodsNo=A000000250199,https://image.oliveyoung.co.kr/cfimages/cf-goods/uploads/images/thumbnails/400/10/0000/0025/A00000025019931ko.png?l=ko,30000,23100,23.0,2262,4.8,86,10,3,0,1,1,0,0,1,A000000250199,ALL
2026-07-28,전체,97,블랑네이처,[코끼임ZERO] 블랑네이처 9배 어성초 버블 클렌징 밀크 150ml 단품/기획,https://www.oliveyoung.co.kr/store/goods/getGoodsDetail.do?goodsNo=A000000253342,https://image.oliveyoung.co.kr/cfimages/cf-goods/uploads/images/thumbnails/400/10/0000/0025/A00000025334202ko.jpg?l=ko,28900,22800,21.1,13305,5.0,98,1,1,0,0,1,0,0,1,A000000253342,ALL
2026-07-28,전체,98,다슈,[7월 올영픽] 다슈 데일리 웨트 컬크림 150ml 기획/단품,https://www.oliveyoung.co.kr/store/goods/getGoodsDetail.do?goodsNo=A000000138953,https://image.oliveyoung.co.kr/cfimages/cf-goods/uploads/images/thumbnails/400/10/0000/0013/A00000013895312ko.jpg?l=ko,15000,10200,32.0,3165,4.7,81,14,4,1,0,1,1,0,1,A000000138953,ALL
2026-07-28,전체,99,이더앤,[NEW/올영선런칭] 이더앤 시럽 펌핑 글레이즈 6종,https://www.oliveyoung.co.kr/store/goods/getGoodsDetail.do?goodsNo=A000000260191,https://image.oliveyoung.co.kr/cfimages/cf-goods/uploads/images/thumbnails/400/10/0000/0026/A00000026019103ko.jpg?l=ko,19000,14200,25.3,18,4.8,83,17,,,,0,1,1,1,A000000260191,ALL
2026-07-28,전체,100,달바,[쿨톤보정] 달바 퍼플 톤업 선크림 듀오 기획 (50ml+50ml),https://www.oliveyoung.co.kr/store/goods/getGoodsDetail.do?goodsNo=A000000200614,https://image.oliveyoung.co.kr/cfimages/cf-goods/uploads/images/thumbnails/400/10/0000/0020/A00000020061459ko.jpg?l=ko,51000,35700,30.0,10492,4.8,90,7,2,1,1,1,0,1,1,A000000200614,ALL
